anio,codigo_upz,codigo_localidad,nombre_localidad,clasificacion_social,x_centroide,y_centroide,hogares_reales,poblacion_total,pct_estrato_bajo,pct_estrato_medio,pct_estrato_alto,infraestructura_index_real,pct_separa_upz_real,pct_calidad_separacion_upz_real,pct_participacion_comunitaria_localidad,pct_vivienda_propia_localidad,pct_informal_localidad,pct_registro_activo_reciclador,pct_formalizacion_laboral_reciclador,num_recicladores_asignados,factor_incentivo
2018,1,1,Usaquén,Baja,52.42173470293715,112.91898919423654,866.0,2567,42.30769230769231,0.0,30.76923076923077,1.0,80.37325568082107,66.5875430601905,0.4232267310550924,18.20432710064477,36.40700859514727,100.0,0.0,3.5588494128418082,0.015384615384615385
2018,9,1,Usaquén,Baja,52.764220486745856,92.19188625768138,37567.0,119080,53.61702127659575,34.46808510638298,4.25531914893617,0.7714285714285715,76.72312747727439,57.78373182330883,0.4232267310550924,18.20432710064477,36.40700859514727,100.0,0.0,165.09068487775713,-0.2714893617021277
2018,10,1,Usaquén,Media,54.47452333031145,83.18216943219227,10822.0,31194,18.421052631578945,32.89473684210527,21.052631578947366,0.8285714285714285,80.37325568082107,66.5875430601905,0.4232267310550924,18.20432710064477,36.40700859514727,100.0,0.0,43.24688297007688,-0.12697368421052632
2018,11,1,Usaquén,Media,60.22809492236857,72.22755850641367,21062.0,68168,32.345013477088955,58.7601078167116,0.8086253369272238,0.9714285714285714,68.84995199602827,47.08741035989184,0.4232267310550924,18.20432710064477,36.40700859514727,100.0,0.0,94.50706925383732,-0.28409703504043127
2018,12,1,Usaquén,Media,48.21205986028848,76.53288821628783,20370.0,58835,3.1390134529147984,54.7085201793722,31.390134529147986,0.6571428571428571,84.14458187983718,66.83154597045804,0.4232267310550924,18.20432710064477,36.40700859514727,100.0,0.0,81.56794125615419,-0.09461883408071749
2018,13,1,Usaquén,Alta,50.62516421196206,63.011415461964596,51501.0,123293,1.7811704834605595,0.0,86.76844783715013,0.9428571428571428,85.28059921158618,72.47684889383278,0.4232267310550924,18.20432710064477,36.40700859514727,100.0,0.0,170.9315234349455,0.16132315521628499
2018,14,1,Usaquén,Alta,54.12597989024129,40.421401092850914,15087.0,39868,12.5,11.585365853658535,63.41463414634147,0.9142857142857144,93.517473005241,76.2875806532837,0.4232267310550924,18.20432710064477,36.40700859514727,100.0,0.0,55.272383479227585,0.23201219512195123
2018,15,1,Usaquén,Alta,45.25664624761402,53.15777892932296,9094.0,24440,0.0,0.0,89.39393939393939,0.9714285714285714,89.05316456072492,72.1769566448582,0.4232267310550924,18.20432710064477,36.40700859514727,100.0,0.0,33.88324100111172,0.49242424242424243
2018,16,1,Usaquén,Alta,43.52027626661661,42.57031353965014,29891.0,67760,0.0,0.0,85.91549295774648,0.9714285714285714,89.05316456072492,72.1769566448582,0.4232267310550924,18.20432710064477,36.40700859514727,100.0,0.0,93.94142431404788,0.4980281690140845
2018,88,2,Chapinero,Alta,42.86125281112812,20.414750484228133,15174.0,36695,0.0,0.0,90.04739336492891,1.0,85.8142985449947,65.45782951001642,0.5941833795463254,10.359824379573334,24.95064368350129,100.0,0.0,69.32527519133268,0.5350710900473933
2018,89,2,Chapinero,Baja,62.98261504716317,21.697107852412543,4837.0,15231,95.1923076923077,0.0,1.9230769230769231,1.0,59.68617809230392,42.4947150948463,0.5941833795463254,10.359824379573334,24.95064368350129,100.0,0.0,28.77485397027355,-0.37115384615384617
2018,90,2,Chapinero,Alta,35.53628695310171,1.914128000999335,20349.0,46307,44.63087248322148,0.3355704697986577,44.29530201342281,0.8857142857142857,81.69129402997835,62.793365172161785,0.5941833795463254,10.359824379573334,24.95064368350129,100.0,0.0,87.48454880188152,-0.21795302013422818
2018,97,2,Chapinero,Alta,37.27444853794916,24.467198521036966,15810.0,33942,0.0,1.2232415902140672,85.3211009174312,0.8285714285714285,85.8142985449947,65.45782951001642,0.5941833795463254,10.359824379573334,24.95064368350129,100.0,0.0,64.1242264762015,0.4073394495412844
2018,99,2,Chapinero,Alta,30.16765997600664,0.13382274756130452,12691.0,23444,0.0,36.95652173913043,45.65217391304348,0.9428571428571428,81.69129402997835,62.793365172161785,0.5941833795463254,10.359824379573334,24.95064368350129,100.0,0.0,44.29109556031076,-0.055434782608695644
2018,91,3,Santa Fe,Media,28.603542569557515,-13.614949310593461,4934.0,10027,0.0,50.0,24.285714285714285,0.8857142857142857,74.8513423318018,59.8240262549234,0.5498071820283936,34.4730057640131,48.787305442163415,100.0,0.0,134.69830261881668,-0.075
2018,92,3,Santa Fe,Baja,29.576666137665356,-20.499029141250844,5076.0,12041,53.84615384615384,15.384615384615383,17.094017094017094,0.9428571428571428,69.59290911730199,57.43541525110545,0.5498071820283936,34.4730057640131,48.787305442163415,100.0,0.0,161.7534917555771,-0.2717948717948718
2018,93,3,Santa Fe,Media,22.523177675371212,-24.57460689265902,7912.0,16323,6.015037593984962,69.92481203007519,0.0,0.7714285714285715,74.8513423318018,59.8240262549234,0.5498071820283936,34.4730057640131,48.787305442163415,100.0,0.0,219.27599418040737,-0.12894736842105264
2018,95,3,Santa Fe,Baja,16.6040490375661,-35.37065114263601,7885.0,20406,91.66666666666666,0.0,0.0,0.7714285714285715,43.99256712900596,32.24875405124618,0.5498071820283936,34.4730057640131,48.787305442163415,100.0,0.0,274.12521823472355,-0.36666666666666664
2018,96,3,Santa Fe,Baja,24.944099532943994,-39.01794449687237,12600.0,44303,95.58823529411764,0.0,0.0,1.0,61.77935560197444,48.332706133352325,0.5498071820283936,34.4730057640131,48.787305442163415,100.0,0.0,595.1469932104753,-0.41676470588235304
2018,32,4,San Cristóbal,Baja,17.25829512080333,-56.061642679129726,28962.0,97856,89.98302207130729,0.0,0.0,0.9142857142857144,67.65753957583333,46.62789509040049,0.2714444967767144,50.85949969229312,50.30768175888187,100.0,0.0,246.7610790280653,-0.400169779286927
2018,33,4,San Cristóbal,Media,14.121732033096874,-44.40549436839297,12987.0,42167,15.677966101694915,73.72881355932203,0.0,0.9142857142857144,79.42100242605466,55.39373114139244,0.2714444967767144,50.85949969229312,50.30768175888187,100.0,0.0,106.33149136870944,-0.17330508474576273
2018,34,4,San Cristóbal,Baja,7.237475366954071,-53.98737162980484,23528.0,78361,69.07020872865274,20.683111954459203,0.0,0.7428571428571429,71.08358111157993,37.8206204445353,0.2714444967767144,50.85949969229312,50.30768175888187,100.0,0.0,197.6010148965646,-0.3073055028462998
2018,50,4,San Cristóbal,Baja,11.446031147864026,-67.54763211551122,25986.0,93229,89.1156462585034,0.0,0.0,0.8,63.72089261344356,40.32089234732478,0.2714444967767144,50.85949969229312,50.30768175888187,100.0,0.0,235.09328642809334,-0.36802721088435375
2018,51,4,San Cristóbal,Baja,10.46051936704976,-77.99977289742324,21085.0,73845,91.11111111111111,0.0,0.0,0.9714285714285714,66.97255738040057,42.40208875052701,0.2714444967767144,50.85949969229312,50.30768175888187,100.0,0.0,186.2131282785673,-0.40634920634920646
2018,52,5,Usme,Baja,11.501373570494664,-97.04842127098003,5505.0,18178,95.78947368421052,0.0,0.0,1.0,55.95423569595468,33.43092149728123,0.5152892734203515,63.309847171059154,55.47471169257355,100.0,0.0,48.12201057218655,-0.6705263157894736
2018,56,5,Usme,Baja,-8.455586104625835,-75.89456532322569,14898.0,50027,95.27272727272728,0.0,0.0,0.9428571428571428,47.458686928251126,27.31307766370284,0.5152892734203515,63.309847171059154,55.47471169257355,100.0,0.0,132.43480156754188,-0.5927272727272727
2018,57,5,Usme,Baja,-4.686912363774609,-90.27335007646587,38463.0,123476,90.82926829268294,0.0,0.0,0.7428571428571429,76.10336606240905,50.34189279865453,0.5152892734203515,63.309847171059154,55.47471169257355,100.0,0.0,326.873879272269,-0.44087804878048786
2018,58,5,Usme,Baja,-9.617814255879106,-100.06684893226095,27926.0,91633,88.57808857808857,0.0,0.0,0.9428571428571428,62.046773748264606,40.86220728004851,0.5152892734203515,63.309847171059154,55.47471169257355,100.0,0.0,242.57697187595824,-0.5060606060606061
2018,59,5,Usme,Baja,1.481700157551871,-106.41919983196306,14964.0,48496,90.24896265560167,0.0,0.0,0.9428571428571428,61.98964077990875,40.1041430090295,0.5152892734203515,63.309847171059154,55.47471169257355,100.0,0.0,128.3818365446561,-0.6311203319502074
2018,60,5,Usme,Baja,2.5562428536561006,-80.06569760132426,289.0,1014,76.92307692307692,0.0,0.0,1.0,47.458686928251126,27.31307766370284,0.5152892734203515,63.309847171059154,55.47471169257355,100.0,0.0,2.684328238540937,-0.5153846153846153
2018,61,5,Usme,Baja,-4.945789287804316,-116.99343949676569,7053.0,22637,58.3596214511041,0.0,0.0,0.9714285714285714,61.98964077990875,40.1041430090295,0.5152892734203515,63.309847171059154,55.47471169257355,100.0,0.0,59.926171928847324,-0.34700315457413244
2018,42,6,Tunjuelito,Baja,-25.752531440005793,-40.83125965745809,43619.0,131951,55.70247933884298,35.70247933884298,0.0,0.8,76.40315995008112,60.79484066968382,0.2730772240795397,33.607446811745525,49.68061339894025,0.0,0.0,468.9691316304652,-0.27636363636363637
2018,62,6,Tunjuelito,Baja,-18.065510935174146,-58.87941860922457,10841.0,39681,85.77405857740587,4.602510460251046,0.0,0.8,50.542639718825214,30.68008554640913,0.2730772240795397,33.607446811745525,49.68061339894025,0.0,0.0,141.03086836953483,-0.3525104602510461
2018,49,7,Bosa,Baja,-44.730258201838005,-28.01301242834345,10715.0,36791,56.16438356164384,35.15981735159817,0.0,0.9428571428571428,76.16539097092507,55.13661598388408,0.3556506784206674,41.98795483602233,42.67739040119298,100.0,1.4705882352941178,126.3636435641283,-0.2773972602739726
2018,84,7,Bosa,Baja,-63.062688815856816,-10.657978569459326,54227.0,195836,96.58119658119658,0.0,0.0,0.5714285714285714,77.96385990316645,56.13099776495108,0.3556506784206674,41.98795483602233,42.67739040119298,100.0,1.4705882352941178,672.625112147662,-0.3973504273504274
2018,85,7,Bosa,Baja,-66.41700350970574,-22.459420672368722,67219.0,233322,90.7563025210084,0.0,0.0,0.3428571428571428,70.16877120458035,45.45469240950858,0.3556506784206674,41.98795483602233,42.67739040119298,100.0,1.4705882352941178,801.3758267964868,-0.36325439266615744
2018,86,7,Bosa,Baja,-64.71956170943255,2.4343749556302403,36148.0,131429,94.8955916473318,0.0,0.0,0.6285714285714286,73.14536755747912,51.86268066207548,0.3556506784206674,41.98795483602233,42.67739040119298,100.0,1.4705882352941178,451.4105979720535,-0.5549883990719258
2018,87,7,Bosa,Baja,-78.16626907582783,-6.495877410013539,28740.0,97019,87.22222222222221,0.0,0.0,0.8285714285714285,73.71252068983654,50.32253612993178,0.3556506784206674,41.98795483602233,42.67739040119298,100.0,1.4705882352941178,333.2248195196696,-0.4288888888888889
2018,44,8,Kennedy,Media,-22.06559593448726,-11.434926935681919,26038.0,79652,24.065420560747665,58.87850467289719,6.775700934579438,0.8857142857142857,78.68749834591497,61.623981682993154,0.3608040769172437,38.936357486044365,39.90001531319474,98.66666666666669,1.3333333333333333,371.72308060422773,-0.18457943925233644
2018,45,8,Kennedy,Media,-27.284861832006523,-23.12117529937842,28412.0,90556,29.79890310786105,62.888482632541134,0.0,0.5714285714285714,69.86479309668712,47.439756941254615,0.3608040769172437,38.936357486044365,39.90001531319474,98.66666666666669,1.3333333333333333,422.6102958770206,-0.21352833638025592
2018,46,8,Kennedy,Media,-28.343045607985307,3.0103494618895152,45909.0,138657,36.80430879712747,51.70556552962297,0.0,0.7714285714285715,81.098107499209,58.03904473245194,0.3608040769172437,38.936357486044365,39.90001531319474,98.66666666666669,1.3333333333333333,647.0899310417867,-0.22477558348294435
2018,47,8,Kennedy,Media,-38.248055784417474,-12.184513101243258,30879.0,94686,0.0,86.48111332007953,0.0,0.9714285714285714,66.24843580544717,52.77505280884959,0.3608040769172437,38.936357486044365,39.90001531319474,98.66666666666669,1.3333333333333333,441.8843420139093,-0.12972166998011928
2018,48,8,Kennedy,Media,-42.29413528361358,-21.895607463593283,41608.0,141531,32.60619977037887,55.91274397244547,0.0,0.6571428571428571,74.82087166621648,55.19740993648533,0.3608040769172437,38.936357486044365,39.90001531319474,98.66666666666669,1.3333333333333333,660.5024270702173,-0.2142939150401837
2018,78,8,Kennedy,Baja,-35.911811283836144,13.977987540501635,7167.0,27577,57.142857142857146,8.16326530612245,0.0,0.9714285714285714,73.13184284306593,54.772991493014814,0.3608040769172437,38.936357486044365,39.90001531319474,98.66666666666669,1.3333333333333333,128.69742622687173,-0.29591836734693877
2018,79,8,Kennedy,Baja,-42.53329658964881,7.702045500242773,37707.0,120204,83.06451612903226,3.225806451612903,0.0,0.7714285714285715,72.82112966077318,61.63669483547722,0.3608040769172437,38.936357486044365,39.90001531319474,98.66666666666669,1.3333333333333333,560.9727462078866,-0.3370967741935484
2018,80,8,Kennedy,Baja,-42.273955229782345,-5.977751231059277,16794.0,57028,91.84782608695652,0.5434782608695652,0.0,0.7714285714285715,55.74611171705038,40.10378762635176,0.3608040769172437,38.936357486044365,39.90001531319474,98.66666666666669,1.3333333333333333,266.14050922384746,-0.36820652173913043
2018,81,8,Kennedy,Baja,-52.04975412330823,-13.581667111782979,18958.0,63264,91.12271540469972,0.2610966057441253,0.0,0.8285714285714285,66.20852647951097,44.402578420459264,0.3608040769172437,38.936357486044365,39.90001531319474,98.66666666666669,1.3333333333333333,295.2429188387719,-0.3648825065274151
2018,82,8,Kennedy,Baja,-48.62602468570228,1.843592198038629,42042.0,140235,90.084388185654,0.0,0.0,0.6857142857142857,65.53993024918347,49.047188232984766,0.3608040769172437,38.936357486044365,39.90001531319474,98.66666666666669,1.3333333333333333,654.4542033914261,-0.37774261603375525
2018,83,8,Kennedy,Baja,-54.5483415668318,-0.8831666093172195,7968.0,28531,84.61538461538461,0.0,0.0,0.9428571428571428,63.63195140312623,45.60996053240007,0.3608040769172437,38.936357486044365,39.90001531319474,98.66666666666669,1.3333333333333333,133.1495908793153,-0.3384615384615385
2018,113,8,Kennedy,Media,-17.795965597751394,-1.1224568653696527,13181.0,37827,0.0,70.16129032258065,8.870967741935484,1.0,81.098107499209,58.03904473245194,0.3608040769172437,38.936357486044365,39.90001531319474,98.66666666666669,1.3333333333333333,176.53252862471905,-0.10524193548387097
2018,75,9,Fontibón,Media,-29.087070742236296,28.542860929698993,41626.0,129959,4.444444444444445,88.88888888888889,0.1587301587301587,0.4571428571428572,68.81701547138886,52.179635506388976,0.3361631027578329,30.352187341783043,29.61704982593028,94.11764705882352,0.0,391.7765657968099,-0.1511111111111111
2018,76,9,Fontibón,Baja,-41.4147072770074,41.66439567193389,10329.0,32717,61.92307692307693,25.384615384615383,0.0,0.8,63.37252624275612,46.515358698987896,0.3361631027578329,30.352187341783043,29.61704982593028,94.11764705882352,0.0,98.62921308392824,-0.2857692307692308
2018,77,9,Fontibón,Baja,-41.951432050513105,27.879386292616836,17615.0,56771,69.04761904761905,3.571428571428571,0.0,0.7714285714285715,82.01168985510337,69.80228725936432,0.3361631027578329,30.352187341783043,29.61704982593028,94.11764705882352,0.0,171.14280209028,-0.28154761904761905
2018,110,9,Fontibón,Alta,-5.239110764421833,12.599619088706095,16301.0,42871,0.0,5.681818181818182,63.63636363636363,1.0,81.31390114744809,70.45870228409093,0.3361631027578329,30.352187341783043,29.61704982593028,94.11764705882352,0.0,129.2396305933028,0.059659090909090905
2018,112,9,Fontibón,Baja,-15.87109482585142,11.024278620455103,15581.0,43620,9.826589595375722,4.046242774566474,23.69942196531792,0.7428571428571429,81.20952913275184,58.89130678795048,0.3361631027578329,30.352187341783043,29.61704982593028,94.11764705882352,0.0,131.49757846749242,-0.041329479768786134
2018,114,9,Fontibón,Alta,-13.169334799166148,20.769702004802724,14304.0,42000,0.0,14.285714285714285,73.17073170731707,1.0,85.32015350826416,68.0430975601345,0.3361631027578329,30.352187341783043,29.61704982593028,94.11764705882352,0.0,126.61389948726918,-0.021428571428571425
2018,115,9,Fontibón,Media,-16.678705232222566,30.149046509278318,5767.0,17190,0.0,53.333333333333336,8.333333333333332,0.9714285714285714,88.05021915741271,68.37331516239573,0.3361631027578329,30.352187341783043,29.61704982593028,94.11764705882352,0.0,51.821260290146604,-0.08
2018,117,9,Fontibón,Baja,-27.94548926486944,44.688284370763384,249.0,756,0.0,27.27272727272727,0.0,1.0,88.05021915741271,68.37331516239573,0.3361631027578329,30.352187341783043,29.61704982593028,94.11764705882352,0.0,2.279050190770845,-0.0409090909090909
2018,26,10,Engativá,Media,10.276355493632146,31.910299054068357,32495.0,99530,0.0,90.0763358778626,1.3358778625954195,0.2,76.26813843806998,58.168878879795,0.2338602758501648,37.98822337252181,37.7285295134672,100.0,0.0,165.39814868558193,-0.1351145038167939
2018,29,10,Engativá,Media,4.781923918154401,51.6797912211429,34958.0,109581,26.086956521739133,51.17056856187291,0.0,0.4,78.22396672616874,51.97403057345479,0.2338602758501648,37.98822337252181,37.7285295134672,100.0,0.0,182.10081916120518,-0.19280936454849498
2018,30,10,Engativá,Media,0.7406477156995486,41.68295583306191,40763.0,125315,0.0,90.7936507936508,0.1587301587301587,0.4285714285714286,76.47369646396214,62.10476773492199,0.2338602758501648,37.98822337252181,37.7285295134672,100.0,0.0,208.247453054694,-0.1361904761904762
2018,31,10,Engativá,Media,-2.6191364237914483,28.475365520905857,22953.0,65800,0.0,64.59948320413437,30.23255813953488,0.8285714285714285,82.68390449134027,65.99553017507957,0.2338602758501648,37.98822337252181,37.7285295134672,100.0,0.0,109.34590760083684,-0.09689922480620157
2018,72,10,Engativá,Media,-8.334441597042606,64.03490000927587,28038.0,81481,0.0,75.97402597402598,0.0,0.8571428571428572,70.29060580201613,55.81891871788736,0.2338602758501648,37.98822337252181,37.7285295134672,100.0,0.0,135.40446652315782,-0.11396103896103897
2018,73,10,Engativá,Media,-14.619765799082039,55.847881298624756,51187.0,160612,24.776785714285715,64.84375,1.5625,0.2,76.1985193283638,57.53739808949218,0.2338602758501648,37.98822337252181,37.7285295134672,100.0,0.0,266.9037220605715,-0.19637276785714286
2018,74,10,Engativá,Baja,-26.0698196884656,55.74719846122355,41777.0,135897,90.8062234794908,0.1414427157001414,0.0,0.2,69.9181790910935,47.69917350844221,0.2338602758501648,37.98822337252181,37.7285295134672,100.0,0.0,225.8325350339046,-0.36343705799151343
2018,105,10,Engativá,Baja,2.0353328681845837,18.155899234754035,734.0,2482,7.6923076923076925,23.07692307692308,0.0,1.0,82.68390449134027,65.99553017507957,0.2338602758501648,37.98822337252181,37.7285295134672,100.0,0.0,4.124567517709377,-0.06538461538461539
2018,116,10,Engativá,Media,-9.33726500048923,34.84343875316049,4060.0,11820,4.819277108433735,53.01204819277109,2.409638554216868,0.8285714285714285,83.87653084361145,62.06944431398723,0.2338602758501648,37.98822337252181,37.7285295134672,100.0,0.0,19.642380362338773,-0.08674698795180723
2018,2,11,Suba,Baja,41.02039658095067,108.30741916799685,1087.0,4107,0.0,2.3255813953488373,23.25581395348837,1.0,72.20701072422837,57.76385279447567,0.3749554377749831,39.01482696369601,33.58415683278398,100.0,0.0,8.374557021513612,0.11976744186046512
2018,3,11,Suba,Baja,43.900633854069746,132.28368026026448,538.0,2065,0.0,6.0,42.0,1.0,72.20701072422837,57.76385279447567,0.3749554377749831,39.01482696369601,33.58415683278398,100.0,0.0,4.210728086054446,0.237
2018,17,11,Suba,Alta,36.1552904175447,91.63862946599721,16647.0,47571,0.0,22.641509433962263,65.56603773584905,0.9714285714285714,72.20701072422837,57.76385279447567,0.3749554377749831,39.01482696369601,33.58415683278398,100.0,0.0,97.0017170855671,0.046226415094339626
2018,18,11,Suba,Media,35.34709269863864,80.56187953544625,29578.0,83298,2.5,78.75,10.625,0.9142857142857144,77.31607457950625,60.29390839123392,0.3749554377749831,39.01482696369601,33.58415683278398,100.0,0.0,169.85241070806933,-0.11875
2018,19,11,Suba,Media,35.33099698011065,63.2995185464543,35667.0,97415,2.0527859237536656,61.87683284457478,31.96480938416422,0.8,87.76963627596155,75.4893463224884,0.3749554377749831,39.01482696369601,33.58415683278398,100.0,0.0,198.6382937060503,-0.07316715542521995
2018,20,11,Suba,Alta,31.957765777074577,44.186562246911535,17067.0,39779,0.0,0.0,88.38174273858921,1.0,92.2041732620844,82.78548183287694,0.3749554377749831,39.01482696369601,33.58415683278398,100.0,0.0,81.11310050128803,0.43983402489626555
2018,23,11,Suba,Baja,25.959644221570343,77.92812170952558,18298.0,53279,30.17241379310345,7.758620689655173,46.55172413793103,1.0,82.0771028674586,73.17798121726564,0.3749554377749831,39.01482696369601,33.58415683278398,100.0,0.0,108.64086280721297,-0.0064655172413793215
2018,24,11,Suba,Alta,22.91261749996571,58.37575504719357,27452.0,77116,0.4608294930875576,18.66359447004608,73.50230414746544,0.9714285714285714,86.63856518436542,73.42940420949552,0.3749554377749831,39.01482696369601,33.58415683278398,100.0,0.0,157.24673466545985,0.2982718894009217
2018,25,11,Suba,Alta,18.274739337358625,45.216075566518896,14681.0,40834,0.0,16.666666666666664,74.50980392156862,0.9714285714285714,92.93162117268176,80.1433736870218,0.3749554377749831,39.01482696369601,33.58415683278398,100.0,0.0,83.26434414815847,0.05637254901960783
2018,27,11,Suba,Baja,12.48170160509646,82.53759537102732,54275.0,164233,50.83056478405316,31.22923588039867,10.132890365448503,0.7142857142857143,85.31235262712039,64.76873097724933,0.3749554377749831,39.01482696369601,33.58415683278398,100.0,0.0,334.88644346584977,-0.23654485049833887
2018,28,11,Suba,Baja,7.511673902006199,68.99391690203842,83502.0,270005,65.7856093979442,25.55066079295154,0.3671071953010279,0.6857142857142857,75.15676100961866,54.72520150108077,0.3749554377749831,39.01482696369601,33.58415683278398,100.0,0.0,550.5654415860197,-0.3052129221732746
2018,71,11,Suba,Baja,-7.2114755686706244,79.36322845145517,82179.0,269338,84.50046685340803,4.3884220354808585,0.0,0.2,75.31680536979212,54.44559434047566,0.3749554377749831,39.01482696369601,33.58415683278398,100.0,0.0,549.2053662187566,-0.3445845004668534
2018,21,12,Barrios Unidos,Alta,27.468073729139288,32.65973523402431,9156.0,27253,0.0,34.97757847533632,52.46636771300449,0.6,80.41321120980301,70.61201816059211,0.4979879700171731,42.15791796788533,34.428262295593406,100.0,0.0,142.89165151811065,0.001345291479820633
2018,22,12,Barrios Unidos,Media,18.7235467874251,24.714628497789768,22558.0,64814,0.0,63.25581395348837,26.97674418604652,0.4285714285714286,78.98008387147235,61.57161312967068,0.4979879700171731,42.15791796788533,34.428262295593406,100.0,0.0,339.8297252227213,-0.09488372093023255
2018,98,12,Barrios Unidos,Media,26.944165305610902,17.784912981463908,14965.0,39720,0.0,79.25233644859813,10.093457943925234,0.2857142857142857,71.92251681333613,50.77884863535045,0.4979879700171731,42.15791796788533,34.428262295593406,100.0,0.0,208.2580412541502,-0.11887850467289718
2018,103,12,Barrios Unidos,Media,14.21229559638227,16.803261797216255,489.0,1339,0.0,76.47058823529412,0.0,0.9428571428571428,78.98008387147235,61.57161312967068,0.4979879700171731,42.15791796788533,34.428262295593406,100.0,0.0,7.020582005017803,-0.11470588235294116
2018,100,13,Teusaquillo,Alta,23.565363950779815,3.8557134209371484,15080.0,33749,0.0,33.6996336996337,59.70695970695971,0.7142857142857143,79.98969638572802,64.94652997664521,0.6633339207279338,15.44212714962264,22.41497962005453,100.0,0.0,37.829442453261,-0.05054945054945055
2018,101,13,Teusaquillo,Alta,22.69998067194829,-7.632317244604541,12188.0,25536,0.0,7.38255033557047,82.21476510067114,0.9714285714285714,84.24968726091629,64.10307294501042,0.6633339207279338,15.44212714962264,22.41497962005453,100.0,0.0,28.623444916485614,-0.011073825503355705
2018,104,13,Teusaquillo,Alta,9.82270173284458,6.953264778428711,942.0,2937,0.0,0.0,60.86956521739131,1.0,88.4492919452778,73.73536807238531,0.6633339207279338,15.44212714962264,22.41497962005453,100.0,0.0,3.292099691405007,0.0
2018,106,13,Teusaquillo,Alta,13.492371721177673,7.351330899985041,12964.0,35620,0.0,0.0,88.95705521472392,1.0,88.4492919452778,73.73536807238531,0.6633339207279338,15.44212714962264,22.41497962005453,100.0,0.0,39.92665679531711,0.12883435582822084
2018,107,13,Teusaquillo,Alta,11.148032267134015,-5.594343444189677,10521.0,25448,0.0,10.967741935483872,80.0,0.8857142857142857,88.53145193641939,76.8057548108156,0.6633339207279338,15.44212714962264,22.41497962005453,100.0,0.0,28.524805225357376,-0.016451612903225808
2018,109,13,Teusaquillo,Baja,2.0845174155648176,3.6488699560317523,7846.0,21236,0.0,1.36986301369863,49.31506849315068,1.0,88.85942176915795,70.82791146252507,0.6633339207279338,15.44212714962264,22.41497962005453,100.0,0.0,23.80355091817389,0.03904109589041096
2018,37,14,Los Mártires,Media,6.570972857598681,-29.419014336935554,13153.0,38204,0.0,90.6060606060606,0.0,0.9142857142857144,67.48203891676579,53.216968121292105,0.1556112406337143,29.331591387661103,55.15082387145006,100.0,14.285714285714286,495.81729601375605,-0.13590909090909087
2018,102,14,Los Mártires,Media,14.884438746411664,-20.102544127407793,13264.0,35073,13.65979381443299,70.10309278350515,0.7731958762886598,0.5142857142857142,55.39672283455738,40.55286180531498,0.1556112406337143,29.331591387661103,55.15082387145006,100.0,14.285714285714286,455.18270398624395,-0.15979381443298968
2018,35,15,Antonio Nariño,Media,8.511974289699769,-40.30677476216185,7600.0,24983,15.66265060240964,75.90361445783132,0.0,0.8857142857142857,80.80694740507136,68.36074108410646,0.465646666219045,34.83537776548703,52.97075347343085,100.0,0.0,42.253745471986264,-0.17650602409638555
2018,38,15,Antonio Nariño,Media,-1.398664664249712,-35.10179454926789,17549.0,54246,0.0,87.75981524249423,0.23094688221709,0.5428571428571429,74.46747068845696,62.25739680349445,0.465646666219045,34.83537776548703,52.97075347343085,100.0,0.0,91.74625452801374,-0.13163972286374134
2018,40,16,Puente Aranda,Media,-5.733967766414086,-23.062791843858236,32691.0,98166,0.0,88.19672131147541,0.0,0.8857142857142857,83.81312566881827,64.0199728644823,0.3174190663479431,51.47269259344049,42.63143945150932,100.0,0.0,344.72570758115313,-0.13229508196721312
2018,41,16,Puente Aranda,Media,-16.15475609603105,-28.96259066161855,17464.0,56895,0.0,85.625,0.0,0.9428571428571428,85.44065388850419,61.14426533938219,0.3174190663479431,51.47269259344049,42.63143945150932,100.0,0.0,199.7959490335728,-0.12843749999999998
2018,43,16,Puente Aranda,Media,-9.42559724601529,-13.180212065021818,22359.0,71167,0.0,91.90600522193212,0.0,0.9142857142857144,84.12071653780167,72.79156957770807,0.3174190663479431,51.47269259344049,42.63143945150932,100.0,0.0,249.9143739321957,-0.13785900783289817
2018,108,16,Puente Aranda,Baja,5.491006201516527,-14.2934802873161,1992.0,5977,2.2522522522522523,30.180180180180184,0.0,0.8,63.120551115597415,50.9074404427709,0.3174190663479431,51.47269259344049,42.63143945150932,100.0,0.0,20.98919742286079,-0.05427927927927928
2018,111,16,Puente Aranda,Media,-3.0494527191645466,-3.5457477288910497,1716.0,10700,0.8264462809917356,55.371900826446286,0.8264462809917356,0.8571428571428572,63.120551115597415,50.9074404427709,0.3174190663479431,51.47269259344049,42.63143945150932,100.0,0.0,37.57477203021758,-0.08636363636363636
2018,94,17,La Candelaria,Baja,24.071217872048727,-30.747808060108994,7808.0,17075,42.62295081967213,26.229508196721312,0.0,0.9142857142857144,74.016551465833,54.830721201436575,0.6712410704745336,35.31957637115097,40.3460655332117,0.0,0.0,95.0,-0.21475409836065576
2018,36,18,Rafael Uribe Uribe,Media,0.20020119700425615,-47.606380656200926,15099.0,46555,3.076923076923077,85.0,0.0,0.8,84.00644261206945,54.51982911123658,0.603579286535181,43.656858833750434,49.09565379736238,100.0,0.0,150.3166663009009,-0.1398076923076923
2018,39,18,Rafael Uribe Uribe,Media,-10.178365894136174,-41.02092357833947,28057.0,88243,0.0,87.06293706293707,0.0,0.6857142857142857,72.50458404325771,42.17813264396177,0.603579286535181,43.656858833750434,49.09565379736238,100.0,0.0,284.9187753064203,-0.13059440559440558
2018,53,18,Rafael Uribe Uribe,Baja,-8.21630166842059,-50.34597256453475,13936.0,46417,70.4954954954955,22.97297297297297,0.0,0.8857142857142857,45.64872408233867,32.17696350528153,0.603579286535181,43.656858833750434,49.09565379736238,100.0,0.0,149.87109224978877,-0.3164414414414415
2018,54,18,Rafael Uribe Uribe,Baja,-8.22443013946448,-59.48068618351516,30030.0,111476,91.0162002945508,1.6200294550810015,0.0,0.8285714285714285,75.84473293104492,51.4595775378879,0.603579286535181,43.656858833750434,49.09565379736238,100.0,0.0,359.9334269693744,-0.4106774668630339
2018,55,18,Rafael Uribe Uribe,Baja,-3.001064184620045,-69.1229684285509,21484.0,71841,93.91447368421052,0.0,0.0,0.8,75.47347122689092,43.137651547299285,0.603579286535181,43.656858833750434,49.09565379736238,100.0,0.0,231.96003917351564,-0.4985197368421052
2018,63,19,Ciudad Bolívar,Baja,-18.793967090481893,-73.96063891450099,9.0,36,33.33333333333333,0.0,0.0,1.0,46.43424039362268,29.67827137432306,0.2942952836094109,48.92648021691982,53.34610774858197,100.0,1.9230769230769231,0.17491912917501834,-0.1333333333333333
2018,64,19,Ciudad Bolívar,Baja,-20.833746542610072,-102.36401419228564,1607.0,5331,86.51685393258427,0.0,0.0,1.0,46.43424039362268,29.67827137432306,0.2942952836094109,48.92648021691982,53.34610774858197,100.0,1.9230769230769231,25.902607712000634,-0.6022471910112358
2018,65,19,Ciudad Bolívar,Baja,-35.64356330625946,-40.64571880107978,24390.0,77129,61.3013698630137,30.136986301369863,0.0,0.5428571428571429,81.29706931525732,58.01416649883968,0.2942952836094109,48.92648021691982,53.34610774858197,100.0,1.9230769230769231,374.75937539277754,-0.2904109589041096
2018,66,19,Ciudad Bolívar,Baja,-31.80127197707072,-54.66986448683388,21477.0,68147,92.79835390946502,0.0,0.0,0.7714285714285715,65.40070295580384,35.61601947628947,0.2942952836094109,48.92648021691982,53.34610774858197,100.0,1.9230769230769231,331.1170526636104,-0.42427983539094655
2018,67,19,Ciudad Bolívar,Baja,-33.245768368044715,-65.19591360602527,47964.0,153854,94.16562107904642,0.0,0.0,0.7428571428571429,50.70915088991646,30.514931570166198,0.2942952836094109,48.92648021691982,53.34610774858197,100.0,1.9230769230769231,747.5557694470353,-0.6149309912170638
2018,68,19,Ciudad Bolívar,Baja,-27.546100032588,-73.62061759502083,15332.0,49741,93.09734513274336,0.0,0.0,0.9142857142857144,46.43424039362268,29.67827137432306,0.2942952836094109,48.92648021691982,53.34610774858197,100.0,1.9230769230769231,241.68478900818297,-0.6368141592920354
2018,69,19,Ciudad Bolívar,Baja,-49.06636950554404,-39.05236598133497,45581.0,155423,78.00859598853867,0.8595988538681949,0.0,0.9428571428571428,64.6752521165627,54.88213851165708,0.2942952836094109,48.92648021691982,53.34610774858197,100.0,1.9230769230769231,755.1793281602465,-0.4835243553008596
2018,70,19,Ciudad Bolívar,Baja,-44.886535573196596,-53.554827333172625,24744.0,95007,87.97687861271677,0.0,0.0,0.8285714285714285,71.46859080726537,49.67462509485674,0.2942952836094109,48.92648021691982,53.34610774858197,100.0,1.9230769230769231,461.62615848697135,-0.6002312138728323
2019,1,1,Usaquén,Baja,52.42173470293715,112.91898919423654,901.0,2600,42.30769230769231,0.0,30.76923076923077,1.0,80.37325568082107,66.5875430601905,0.4232267310550924,18.20432710064477,36.40700859514727,100.0,0.0,3.506425053163453,0.015384615384615385
2019,9,1,Usaquén,Baja,52.764220486745856,92.19188625768138,39265.0,122846,53.61702127659575,34.46808510638298,4.25531914893617,0.7714285714285715,76.72312747727439,57.78373182330883,0.4232267310550924,18.20432710064477,36.40700859514727,100.0,0.0,165.67318926189134,-0.2714893617021277
2019,10,1,Usaquén,Media,54.47452333031145,83.18216943219227,11515.0,32847,18.421052631578945,32.89473684210527,21.052631578947366,0.8285714285714285,80.37325568082107,66.5875430601905,0.4232267310550924,18.20432710064477,36.40700859514727,100.0,0.0,44.29828604663844,-0.12697368421052632
2019,11,1,Usaquén,Media,60.22809492236857,72.22755850641367,21776.0,69583,32.345013477088955,58.7601078167116,0.8086253369272238,0.9714285714285714,68.84995199602827,47.08741035989184,0.4232267310550924,18.20432710064477,36.40700859514727,100.0,0.0,93.84137479779712,-0.28409703504043127
2019,12,1,Usaquén,Media,48.21205986028848,76.53288821628783,21077.0,60119,3.1390134529147984,54.7085201793722,31.390134529147986,0.6571428571428571,84.14458187983718,66.83154597045804,0.4232267310550924,18.20432710064477,36.40700859514727,100.0,0.0,81.07798760428216,-0.09461883408071749
2019,13,1,Usaquén,Alta,50.62516421196206,63.011415461964596,53696.0,126709,1.7811704834605595,0.0,86.76844783715013,0.9428571428571428,85.28059921158618,72.47684889383278,0.4232267310550924,18.20432710064477,36.40700859514727,100.0,0.0,170.88292771587996,0.16132315521628499
2019,14,1,Usaquén,Alta,54.12597989024129,40.421401092850914,15692.0,40864,12.5,11.585365853658535,63.41463414634147,0.9142857142857144,93.517473005241,76.2875806532837,0.4232267310550924,18.20432710064477,36.40700859514727,100.0,0.0,55.110212835565896,0.23201219512195123
2019,15,1,Usaquén,Alta,45.25664624761402,53.15777892932296,9406.0,24930,0.0,0.0,89.39393939393939,0.9714285714285714,89.05316456072492,72.1769566448582,0.4232267310550924,18.20432710064477,36.40700859514727,100.0,0.0,33.62122175975572,0.49242424242424243
2019,16,1,Usaquén,Alta,43.52027626661661,42.57031353965014,31194.0,69692,0.0,0.0,85.91549295774648,0.9714285714285714,89.05316456072492,72.1769566448582,0.4232267310550924,18.20432710064477,36.40700859514727,100.0,0.0,93.98837492502591,0.4980281690140845
2019,88,2,Chapinero,Alta,42.86125281112812,20.414750484228133,15937.0,38131,0.0,0.0,90.04739336492891,1.0,85.8142985449947,65.45782951001642,0.5941833795463254,10.359824379573334,24.95064368350129,100.0,0.0,69.10174318260269,0.5350710900473933
2019,89,2,Chapinero,Baja,62.98261504716317,21.697107852412543,5177.0,15990,95.1923076923077,0.0,1.9230769230769231,1.0,59.68617809230392,42.4947150948463,0.5941833795463254,10.359824379573334,24.95064368350129,100.0,0.0,28.977390403866067,-0.37115384615384617
2019,90,2,Chapinero,Alta,35.53628695310171,1.914128000999335,21527.0,48444,44.63087248322148,0.3355704697986577,44.29530201342281,0.8857142857142857,81.69129402997835,62.793365172161785,0.5941833795463254,10.359824379573334,24.95064368350129,100.0,0.0,87.7911632723507,-0.21795302013422818
2019,97,2,Chapinero,Alta,37.27444853794916,24.467198521036966,16665.0,35317,0.0,1.2232415902140672,85.3211009174312,0.8285714285714285,85.8142985449947,65.45782951001642,0.5941833795463254,10.359824379573334,24.95064368350129,100.0,0.0,64.00215740421126,0.4073394495412844
2019,99,2,Chapinero,Alta,30.16765997600664,0.13382274756130452,13369.0,24350,0.0,36.95652173913043,45.65217391304348,0.9428571428571428,81.69129402997835,62.793365172161785,0.5941833795463254,10.359824379573334,24.95064368350129,100.0,0.0,44.12754573696928,-0.055434782608695644
2019,91,3,Santa Fe,Media,28.603542569557515,-13.614949310593461,5242.0,10455,0.0,50.0,24.285714285714285,0.8857142857142857,74.8513423318018,59.8240262549234,0.5498071820283936,34.4730057640131,48.787305442163415,100.0,0.0,137.90117519332597,-0.075
2019,92,3,Santa Fe,Baja,29.576666137665356,-20.499029141250844,5259.0,12202,53.84615384615384,15.384615384615383,17.094017094017094,0.9428571428571428,69.59290911730199,57.43541525110545,0.5498071820283936,34.4730057640131,48.787305442163415,100.0,0.0,160.94405927393242,-0.2717948717948718
2019,93,3,Santa Fe,Media,22.523177675371212,-24.57460689265902,8255.0,16732,6.015037593984962,69.92481203007519,0.0,0.7714285714285715,74.8513423318018,59.8240262549234,0.5498071820283936,34.4730057640131,48.787305442163415,100.0,0.0,220.6946402041827,-0.12894736842105264
2019,95,3,Santa Fe,Baja,16.6040490375661,-35.37065114263601,8186.0,20699,91.66666666666666,0.0,0.0,0.7714285714285715,43.99256712900596,32.24875405124618,0.5498071820283936,34.4730057640131,48.787305442163415,100.0,0.0,273.01926593272634,-0.36666666666666664
2019,96,3,Santa Fe,Baja,24.944099532943994,-39.01794449687237,12973.0,44916,95.58823529411764,0.0,0.0,1.0,61.77935560197444,48.332706133352325,0.5498071820283936,34.4730057640131,48.787305442163415,100.0,0.0,592.4408593958326,-0.41676470588235304
2019,32,4,San Cristóbal,Baja,17.25829512080333,-56.061642679129726,29979.0,100158,89.98302207130729,0.0,0.0,0.9142857142857144,67.65753957583333,46.62789509040049,0.2714444967767144,50.85949969229312,50.30768175888187,100.0,0.0,248.1857130838906,-0.400169779286927
2019,33,4,San Cristóbal,Media,14.121732033096874,-44.40549436839297,13405.0,42929,15.677966101694915,73.72881355932203,0.0,0.9142857142857144,79.42100242605466,55.39373114139244,0.2714444967767144,50.85949969229312,50.30768175888187,100.0,0.0,106.37557136702348,-0.17330508474576273
2019,34,4,San Cristóbal,Baja,7.237475366954071,-53.98737162980484,24173.0,79273,69.07020872865274,20.683111954459203,0.0,0.7428571428571429,71.08358111157993,37.8206204445353,0.2714444967767144,50.85949969229312,50.30768175888187,100.0,0.0,196.43389477924137,-0.3073055028462998
2019,50,4,San Cristóbal,Baja,11.446031147864026,-67.54763211551122,26582.0,94512,89.1156462585034,0.0,0.0,0.8,63.72089261344356,40.32089234732478,0.2714444967767144,50.85949969229312,50.30768175888187,100.0,0.0,234.1952526506586,-0.36802721088435375
2019,51,4,San Cristóbal,Baja,10.46051936704976,-77.99977289742324,21759.0,75389,91.11111111111111,0.0,0.0,0.9714285714285714,66.97255738040057,42.40208875052701,0.2714444967767144,50.85949969229312,50.30768175888187,100.0,0.0,186.80956811918594,-0.40634920634920646
2019,52,5,Usme,Baja,11.501373570494664,-97.04842127098003,5756.0,18698,95.78947368421052,0.0,0.0,1.0,55.95423569595468,33.43092149728123,0.5152892734203515,63.309847171059154,55.47471169257355,100.0,0.0,48.01607374821251,-0.6705263157894736
2019,56,5,Usme,Baja,-8.455586104625835,-75.89456532322569,15794.0,52260,95.27272727272728,0.0,0.0,0.9428571428571428,47.458686928251126,27.31307766370284,0.5152892734203515,63.309847171059154,55.47471169257355,100.0,0.0,134.20258926524684,-0.5927272727272727
2019,57,5,Usme,Baja,-4.686912363774609,-90.27335007646587,39940.0,126208,90.82926829268294,0.0,0.0,0.7428571428571429,76.10336606240905,50.34189279865453,0.5152892734203515,63.309847171059154,55.47471169257355,100.0,0.0,324.099509873484,-0.44087804878048786
2019,58,5,Usme,Baja,-9.617814255879106,-100.06684893226095,29124.0,94210,88.57808857808857,0.0,0.0,0.9428571428571428,62.046773748264606,40.86220728004851,0.5152892734203515,63.309847171059154,55.47471169257355,100.0,0.0,241.92931371371807,-0.5060606060606061
2019,59,5,Usme,Baja,1.481700157551871,-106.41919983196306,15652.0,49881,90.24896265560167,0.0,0.0,0.9428571428571428,61.98964077990875,40.1041430090295,0.5152892734203515,63.309847171059154,55.47471169257355,100.0,0.0,128.09336691809756,-0.6311203319502074
2019,60,5,Usme,Baja,2.5562428536561006,-80.06569760132426,303.0,1059,76.92307692307692,0.0,0.0,1.0,47.458686928251126,27.31307766370284,0.5152892734203515,63.309847171059154,55.47471169257355,100.0,0.0,2.719489897280835,-0.5153846153846153
2019,61,5,Usme,Baja,-4.945789287804316,-116.99343949676569,7641.0,24120,58.3596214511041,0.0,0.0,0.9714285714285714,61.98964077990875,40.1041430090295,0.5152892734203515,63.309847171059154,55.47471169257355,100.0,0.0,61.93965658396009,-0.34700315457413244
2019,42,6,Tunjuelito,Baja,-25.752531440005793,-40.83125965745809,45696.0,135143,55.70247933884298,35.70247933884298,0.0,0.8,76.40315995008112,60.79484066968382,0.2730772240795397,33.607446811745525,49.68061339894025,0.0,0.0,469.7786654965495,-0.27636363636363637
2019,62,6,Tunjuelito,Baja,-18.065510935174146,-58.87941860922457,11261.0,40338,85.77405857740587,4.602510460251046,0.0,0.8,50.542639718825214,30.68008554640913,0.2730772240795397,33.607446811745525,49.68061339894025,0.0,0.0,140.22133450345052,-0.3525104602510461
2019,49,7,Bosa,Baja,-44.730258201838005,-28.01301242834345,10815.0,36680,56.16438356164384,35.15981735159817,0.0,0.9428571428571428,76.16539097092507,55.13661598388408,0.3556506784206674,41.98795483602233,42.67739040119298,100.0,1.4705882352941178,123.70636322370905,-0.2773972602739726
2019,84,7,Bosa,Baja,-63.062688815856816,-10.657978569459326,56262.0,197598,96.58119658119658,0.0,0.0,0.5714285714285714,77.96385990316645,56.13099776495108,0.3556506784206674,41.98795483602233,42.67739040119298,100.0,1.4705882352941178,666.415756823295,-0.3973504273504274
2019,85,7,Bosa,Baja,-66.41700350970574,-22.459420672368722,68919.0,235154,90.7563025210084,0.0,0.0,0.3428571428571428,70.16877120458035,45.45469240950858,0.3556506784206674,41.98795483602233,42.67739040119298,100.0,1.4705882352941178,793.0765032036007,-0.36325439266615744
2019,86,7,Bosa,Baja,-64.71956170943255,2.4343749556302403,38205.0,135548,94.8955916473318,0.0,0.0,0.6285714285714286,73.14536755747912,51.86268066207548,0.3556506784206674,41.98795483602233,42.67739040119298,100.0,1.4705882352941178,457.14694989769123,-0.5549883990719258
2019,87,7,Bosa,Baja,-78.16626907582783,-6.495877410013539,30715.0,102193,87.22222222222221,0.0,0.0,0.8285714285714285,73.71252068983654,50.32253612993178,0.3556506784206674,41.98795483602233,42.67739040119298,100.0,1.4705882352941178,344.65442685170393,-0.4288888888888889
2019,44,8,Kennedy,Media,-22.06559593448726,-11.434926935681919,26460.0,79566,24.065420560747665,58.87850467289719,6.775700934579438,0.8857142857142857,78.68749834591497,61.623981682993154,0.3608040769172437,38.936357486044365,39.90001531319474,98.66666666666669,1.3333333333333333,368.5658412280642,-0.18457943925233644
2019,45,8,Kennedy,Media,-27.284861832006523,-23.12117529937842,28852.0,90316,29.79890310786105,62.888482632541134,0.0,0.5714285714285714,69.86479309668712,47.439756941254615,0.3608040769172437,38.936357486044365,39.90001531319474,98.66666666666669,1.3333333333333333,418.3620204151754,-0.21352833638025592
2019,46,8,Kennedy,Media,-28.343045607985307,3.0103494618895152,47559.0,140077,36.80430879712747,51.70556552962297,0.0,0.7714285714285715,81.098107499209,58.03904473245194,0.3608040769172437,38.936357486044365,39.90001531319474,98.66666666666669,1.3333333333333333,648.8650597202768,-0.22477558348294435
2019,47,8,Kennedy,Media,-38.248055784417474,-12.184513101243258,31314.0,94452,0.0,86.48111332007953,0.0,0.9714285714285714,66.24843580544717,52.77505280884959,0.3608040769172437,38.936357486044365,39.90001531319474,98.66666666666669,1.3333333333333333,437.5208108447468,-0.12972166998011928
2019,48,8,Kennedy,Media,-42.29413528361358,-21.895607463593283,42306.0,141477,32.60619977037887,55.91274397244547,0.0,0.6571428571428571,74.82087166621648,55.19740993648533,0.3608040769172437,38.936357486044365,39.90001531319474,98.66666666666669,1.3333333333333333,655.350143521389,-0.2142939150401837
2019,78,8,Kennedy,Baja,-35.911811283836144,13.977987540501635,7617.0,28489,57.142857142857146,8.16326530612245,0.0,0.9714285714285714,73.13184284306593,54.772991493014814,0.3608040769172437,38.936357486044365,39.90001531319474,98.66666666666669,1.3333333333333333,131.9668231499173,-0.29591836734693877
2019,79,8,Kennedy,Baja,-42.53329658964881,7.702045500242773,39888.0,124530,83.06451612903226,3.225806451612903,0.0,0.7714285714285715,72.82112966077318,61.63669483547722,0.3608040769172437,38.936357486044365,39.90001531319474,98.66666666666669,1.3333333333333333,576.8482041089263,-0.3370967741935484
2019,80,8,Kennedy,Baja,-42.273955229782345,-5.977751231059277,17062.0,56948,91.84782608695652,0.5434782608695652,0.0,0.7714285714285715,55.74611171705038,40.10378762635176,0.3608040769172437,38.936357486044365,39.90001531319474,98.66666666666669,1.3333333333333333,263.7946802183822,-0.36820652173913043
2019,81,8,Kennedy,Baja,-52.04975412330823,-13.581667111782979,19218.0,63105,91.12271540469972,0.2610966057441253,0.0,0.8285714285714285,66.20852647951097,44.402578420459264,0.3608040769172437,38.936357486044365,39.90001531319474,98.66666666666669,1.3333333333333333,292.3151523351305,-0.3648825065274151
2019,82,8,Kennedy,Baja,-48.62602468570228,1.843592198038629,42851.0,139919,90.084388185654,0.0,0.0,0.6857142857142857,65.53993024918347,49.047188232984766,0.3608040769172437,38.936357486044365,39.90001531319474,98.66666666666669,1.3333333333333333,648.1331716912943,-0.37774261603375525
2019,83,8,Kennedy,Baja,-54.5483415668318,-0.8831666093172195,8341.0,29612,84.61538461538461,0.0,0.0,0.9428571428571428,63.63195140312623,45.60996053240007,0.3608040769172437,38.936357486044365,39.90001531319474,98.66666666666669,1.3333333333333333,137.16878679895228,-0.3384615384615385
2019,113,8,Kennedy,Media,-17.795965597751394,-1.1224568653696527,13825.0,38882,0.0,70.16129032258065,8.870967741935484,1.0,81.098107499209,58.03904473245194,0.3608040769172437,38.936357486044365,39.90001531319474,98.66666666666669,1.3333333333333333,180.10930596774492,-0.10524193548387097
2019,75,9,Fontibón,Media,-29.087070742236296,28.542860929698993,43037.0,132711,4.444444444444445,88.88888888888889,0.1587301587301587,0.4571428571428572,68.81701547138886,52.179635506388976,0.3361631027578329,30.352187341783043,29.61704982593028,94.11764705882352,0.0,388.1549886242502,-0.1511111111111111
2019,76,9,Fontibón,Baja,-41.4147072770074,41.66439567193389,10723.0,33460,61.92307692307693,25.384615384615383,0.0,0.8,63.37252624275612,46.515358698987896,0.3361631027578329,30.352187341783043,29.61704982593028,94.11764705882352,0.0,97.86427590303299,-0.2857692307692308
2019,77,9,Fontibón,Baja,-41.951432050513105,27.879386292616836,18495.0,59306,69.04761904761905,3.571428571428571,0.0,0.7714285714285715,82.01168985510337,69.80228725936432,0.3361631027578329,30.352187341783043,29.61704982593028,94.11764705882352,0.0,173.4590181322557,-0.28154761904761905
2019,110,9,Fontibón,Alta,-5.239110764421833,12.599619088706095,16975.0,44029,0.0,5.681818181818182,63.63636363636363,1.0,81.31390114744809,70.45870228409093,0.3361631027578329,30.352187341783043,29.61704982593028,94.11764705882352,0.0,128.7766348994214,0.059659090909090905
2019,112,9,Fontibón,Baja,-15.87109482585142,11.024278620455103,16653.0,46249,9.826589595375722,4.046242774566474,23.69942196531792,0.7428571428571429,81.20952913275184,58.89130678795048,0.3361631027578329,30.352187341783043,29.61704982593028,94.11764705882352,0.0,135.2697219437948,-0.041329479768786134
2019,114,9,Fontibón,Alta,-13.169334799166148,20.769702004802724,14846.0,42971,0.0,14.285714285714285,73.17073170731707,1.0,85.32015350826416,68.0430975601345,0.3361631027578329,30.352187341783043,29.61704982593028,94.11764705882352,0.0,125.68218170440022,-0.021428571428571425
2019,115,9,Fontibón,Media,-16.678705232222566,30.149046509278318,5994.0,17600,0.0,53.333333333333336,8.333333333333332,0.9714285714285714,88.05021915741271,68.37331516239573,0.3361631027578329,30.352187341783043,29.61704982593028,94.11764705882352,0.0,51.47672611755472,-0.08
2019,117,9,Fontibón,Baja,-27.94548926486944,44.688284370763384,267.0,792,0.0,27.27272727272727,0.0,1.0,88.05021915741271,68.37331516239573,0.3361631027578329,30.352187341783043,29.61704982593028,94.11764705882352,0.0,2.316452675289962,-0.0409090909090909
2019,26,10,Engativá,Media,10.276355493632146,31.910299054068357,33382.0,100326,0.0,90.0763358778626,1.3358778625954195,0.2,76.26813843806998,58.168878879795,0.2338602758501648,37.98822337252181,37.7285295134672,100.0,0.0,164.58972819452404,-0.1351145038167939
2019,29,10,Engativá,Media,4.781923918154401,51.6797912211429,35776.0,110132,26.086956521739133,51.17056856187291,0.0,0.4,78.22396672616874,51.97403057345479,0.2338602758501648,37.98822337252181,37.7285295134672,100.0,0.0,180.6769525897506,-0.19280936454849498
2019,30,10,Engativá,Media,0.7406477156995486,41.68295583306191,41902.0,126703,0.0,90.7936507936508,0.1587301587301587,0.4285714285714286,76.47369646396214,62.10476773492199,0.2338602758501648,37.98822337252181,37.7285295134672,100.0,0.0,207.8624915917188,-0.1361904761904762
2019,31,10,Engativá,Media,-2.6191364237914483,28.475365520905857,23566.0,66553,0.0,64.59948320413437,30.23255813953488,0.8285714285714285,82.68390449134027,65.99553017507957,0.2338602758501648,37.98822337252181,37.7285295134672,100.0,0.0,109.18346371359524,-0.09689922480620157
2019,72,10,Engativá,Media,-8.334441597042606,64.03490000927587,28744.0,82461,0.0,75.97402597402598,0.0,0.8571428571428572,70.29060580201613,55.81891871788736,0.2338602758501648,37.98822337252181,37.7285295134672,100.0,0.0,135.28131866763,-0.11396103896103897
2019,73,10,Engativá,Media,-14.619765799082039,55.847881298624756,53023.0,163649,24.776785714285715,64.84375,1.5625,0.2,76.1985193283638,57.53739808949218,0.2338602758501648,37.98822337252181,37.7285295134672,100.0,0.0,268.4742183412641,-0.19637276785714286
2019,74,10,Engativá,Baja,-26.0698196884656,55.74719846122355,43239.0,138394,90.8062234794908,0.1414427157001414,0.0,0.2,69.9181790910935,47.69917350844221,0.2338602758501648,37.98822337252181,37.7285295134672,100.0,0.0,227.04215102518748,-0.36343705799151343
2019,105,10,Engativá,Baja,2.0353328681845837,18.155899234754035,801.0,2619,7.6923076923076925,23.07692307692308,0.0,1.0,82.68390449134027,65.99553017507957,0.2338602758501648,37.98822337252181,37.7285295134672,100.0,0.0,4.296598071700839,-0.06538461538461539
2019,116,10,Engativá,Media,-9.33726500048923,34.84343875316049,4169.0,11943,4.819277108433735,53.01204819277109,2.409638554216868,0.8285714285714285,83.87653084361145,62.06944431398723,0.2338602758501648,37.98822337252181,37.7285295134672,100.0,0.0,19.593077804628912,-0.08674698795180723
2019,2,11,Suba,Baja,41.02039658095067,108.30741916799685,1200.0,4451,0.0,2.3255813953488373,23.25581395348837,1.0,72.20701072422837,57.76385279447567,0.3749554377749831,39.01482696369601,33.58415683278398,100.0,0.0,8.77034377664862,0.11976744186046512
2019,3,11,Suba,Baja,43.900633854069746,132.28368026026448,599.0,2305,0.0,6.0,42.0,1.0,72.20701072422837,57.76385279447567,0.3749554377749831,39.01482696369601,33.58415683278398,100.0,0.0,4.541820356139085,0.237
2019,17,11,Suba,Alta,36.1552904175447,91.63862946599721,17369.0,48861,0.0,22.641509433962263,65.56603773584905,0.9714285714285714,72.20701072422837,57.76385279447567,0.3749554377749831,39.01482696369601,33.58415683278398,100.0,0.0,96.27673944525459,0.046226415094339626
2019,18,11,Suba,Media,35.34709269863864,80.56187953544625,31388.0,87244,2.5,78.75,10.625,0.9142857142857144,77.31607457950625,60.29390839123392,0.3749554377749831,39.01482696369601,33.58415683278398,100.0,0.0,171.90740787461968,-0.11875
2019,19,11,Suba,Media,35.33099698011065,63.2995185464543,37077.0,100175,2.0527859237536656,61.87683284457478,31.96480938416422,0.8,87.76963627596155,75.4893463224884,0.3749554377749831,39.01482696369601,33.58415683278398,100.0,0.0,197.386921551511,-0.07316715542521995
2019,20,11,Suba,Alta,31.957765777074577,44.186562246911535,17751.0,40834,0.0,0.0,88.38174273858921,1.0,92.2041732620844,82.78548183287694,0.3749554377749831,39.01482696369601,33.58415683278398,100.0,0.0,80.46017024840928,0.43983402489626555
2019,23,11,Suba,Baja,25.959644221570343,77.92812170952558,19415.0,55914,30.17241379310345,7.758620689655173,46.55172413793103,1.0,82.0771028674586,73.17798121726564,0.3749554377749831,39.01482696369601,33.58415683278398,100.0,0.0,110.17411860874655,-0.0064655172413793215
2019,24,11,Suba,Alta,22.91261749996571,58.37575504719357,28593.0,79406,0.4608294930875576,18.66359447004608,73.50230414746544,0.9714285714285714,86.63856518436542,73.42940420949552,0.3749554377749831,39.01482696369601,33.58415683278398,100.0,0.0,156.46324824276797,0.2982718894009217
2019,25,11,Suba,Alta,18.274739337358625,45.216075566518896,15474.0,42505,0.0,16.666666666666664,74.50980392156862,0.9714285714285714,92.93162117268176,80.1433736870218,0.3749554377749831,39.01482696369601,33.58415683278398,100.0,0.0,83.75274370398776,0.05637254901960783
2019,27,11,Suba,Baja,12.48170160509646,82.53759537102732,57174.0,170643,50.83056478405316,31.22923588039867,10.132890365448503,0.7142857142857143,85.31235262712039,64.76873097724933,0.3749554377749831,39.01482696369601,33.58415683278398,100.0,0.0,336.23854708574487,-0.23654485049833887
2019,28,11,Suba,Baja,7.511673902006199,68.99391690203842,87068.0,277053,65.7856093979442,25.55066079295154,0.3671071953010279,0.6857142857142857,75.15676100961866,54.72520150108077,0.3749554377749831,39.01482696369601,33.58415683278398,100.0,0.0,545.9110434400876,-0.3052129221732746
2019,71,11,Suba,Baja,-7.2114755686706244,79.36322845145517,86983.0,279695,84.50046685340803,4.3884220354808585,0.0,0.2,75.31680536979212,54.44559434047566,0.3749554377749831,39.01482696369601,33.58415683278398,100.0,0.0,551.1168956660831,-0.3445845004668534
2019,21,12,Barrios Unidos,Alta,27.468073729139288,32.65973523402431,9718.0,28367,0.0,34.97757847533632,52.46636771300449,0.6,80.41321120980301,70.61201816059211,0.4979879700171731,42.15791796788533,34.428262295593406,100.0,0.0,143.15166719685357,0.001345291479820633
2019,22,12,Barrios Unidos,Media,18.7235467874251,24.714628497789768,24139.0,67630,0.0,63.25581395348837,26.97674418604652,0.4285714285714286,78.98008387147235,61.57161312967068,0.4979879700171731,42.15791796788533,34.428262295593406,100.0,0.0,341.2890771855751,-0.09488372093023255
2019,98,12,Barrios Unidos,Media,26.944165305610902,17.784912981463908,15829.0,40962,0.0,79.25233644859813,10.093457943925234,0.2857142857142857,71.92251681333613,50.77884863535045,0.4979879700171731,42.15791796788533,34.428262295593406,100.0,0.0,206.7112698458602,-0.11887850467289718
2019,103,12,Barrios Unidos,Media,14.21229559638227,16.803261797216255,518.0,1357,0.0,76.47058823529412,0.0,0.9428571428571428,78.98008387147235,61.57161312967068,0.4979879700171731,42.15791796788533,34.428262295593406,100.0,0.0,6.847985771711154,-0.11470588235294116
2019,100,13,Teusaquillo,Alta,23.565363950779815,3.8557134209371484,16047.0,35493,0.0,33.6996336996337,59.70695970695971,0.7142857142857143,79.98969638572802,64.94652997664521,0.6633339207279338,15.44212714962264,22.41497962005453,100.0,0.0,37.72531394753763,-0.05054945054945055
2019,101,13,Teusaquillo,Alta,22.69998067194829,-7.632317244604541,12978.0,26791,0.0,7.38255033557047,82.21476510067114,0.9714285714285714,84.24968726091629,64.10307294501042,0.6633339207279338,15.44212714962264,22.41497962005453,100.0,0.0,28.476006141168135,-0.011073825503355705
2019,104,13,Teusaquillo,Alta,9.82270173284458,6.953264778428711,1007.0,3086,0.0,0.0,60.86956521739131,1.0,88.4492919452778,73.73536807238531,0.6633339207279338,15.44212714962264,22.41497962005453,100.0,0.0,3.2800923799650947,0.0
2019,106,13,Teusaquillo,Alta,13.492371721177673,7.351330899985041,13867.0,37585,0.0,0.0,88.95705521472392,1.0,88.4492919452778,73.73536807238531,0.6633339207279338,15.44212714962264,22.41497962005453,100.0,0.0,39.948889209652656,0.12883435582822084
2019,107,13,Teusaquillo,Alta,11.148032267134015,-5.594343444189677,11220.0,26738,0.0,10.967741935483872,80.0,0.8857142857142857,88.53145193641939,76.8057548108156,0.6633339207279338,15.44212714962264,22.41497962005453,100.0,0.0,28.419672733475927,-0.016451612903225808
2019,109,13,Teusaquillo,Baja,2.0845174155648176,3.6488699560317523,8498.0,22721,0.0,1.36986301369863,49.31506849315068,1.0,88.85942176915795,70.82791146252507,0.6633339207279338,15.44212714962264,22.41497962005453,100.0,0.0,24.15002558820056,0.03904109589041096
2019,37,14,Los Mártires,Media,6.570972857598681,-29.419014336935554,15463.0,43484,0.0,90.6060606060606,0.0,0.9142857142857144,67.48203891676579,53.216968121292105,0.1556112406337143,29.331591387661103,55.15082387145006,100.0,14.285714285714286,498.4905915112649,-0.13590909090909087
2019,102,14,Los Mártires,Media,14.884438746411664,-20.102544127407793,15381.0,39473,13.65979381443299,70.10309278350515,0.7731958762886598,0.5142857142857142,55.39672283455738,40.55286180531498,0.1556112406337143,29.331591387661103,55.15082387145006,100.0,14.285714285714286,452.5094084887351,-0.15979381443298968
2019,35,15,Antonio Nariño,Media,8.511974289699769,-40.30677476216185,7909.0,25385,15.66265060240964,75.90361445783132,0.0,0.8857142857142857,80.80694740507136,68.36074108410646,0.465646666219045,34.83537776548703,52.97075347343085,100.0,0.0,42.46944253698732,-0.17650602409638555
2019,38,15,Antonio Nariño,Media,-1.398664664249712,-35.10179454926789,18017.0,54710,0.0,87.75981524249423,0.23094688221709,0.5428571428571429,74.46747068845696,62.25739680349445,0.465646666219045,34.83537776548703,52.97075347343085,100.0,0.0,91.53055746301267,-0.13163972286374134
2019,40,16,Puente Aranda,Media,-5.733967766414086,-23.062791843858236,33808.0,99795,0.0,88.19672131147541,0.0,0.8857142857142857,83.81312566881827,64.0199728644823,0.3174190663479431,51.47269259344049,42.63143945150932,100.0,0.0,344.3058077876693,-0.13229508196721312
2019,41,16,Puente Aranda,Media,-16.15475609603105,-28.96259066161855,18138.0,57876,0.0,85.625,0.0,0.9428571428571428,85.44065388850419,61.14426533938219,0.3174190663479431,51.47269259344049,42.63143945150932,100.0,0.0,199.67977284953304,-0.12843749999999998
2019,43,16,Puente Aranda,Media,-9.42559724601529,-13.180212065021818,22998.0,72176,0.0,91.90600522193212,0.0,0.9142857142857144,84.12071653780167,72.79156957770807,0.3174190663479431,51.47269259344049,42.63143945150932,100.0,0.0,249.01664394892347,-0.13785900783289817
2019,108,16,Puente Aranda,Baja,5.491006201516527,-14.2934802873161,2080.0,6183,2.2522522522522523,30.180180180180184,0.0,0.8,63.120551115597415,50.9074404427709,0.3174190663479431,51.47269259344049,42.63143945150932,100.0,0.0,21.33215902150568,-0.05427927927927928
2019,111,16,Puente Aranda,Media,-3.0494527191645466,-3.5457477288910497,1821.0,11207,0.8264462809917356,55.371900826446286,0.8264462809917356,0.8571428571428572,63.120551115597415,50.9074404427709,0.3174190663479431,51.47269259344049,42.63143945150932,100.0,0.0,38.665616392368456,-0.08636363636363636
2019,94,17,La Candelaria,Baja,24.071217872048727,-30.747808060108994,7680.0,17345,42.62295081967213,26.229508196721312,0.0,0.9142857142857144,74.016551465833,54.830721201436575,0.6712410704745336,35.31957637115097,40.3460655332117,0.0,0.0,95.0,-0.21475409836065576
2019,36,18,Rafael Uribe Uribe,Media,0.20020119700425615,-47.606380656200926,15615.0,47489,3.076923076923077,85.0,0.0,0.8,84.00644261206945,54.51982911123658,0.603579286535181,43.656858833750434,49.09565379736238,100.0,0.0,149.85898209292162,-0.1398076923076923
2019,39,18,Rafael Uribe Uribe,Media,-10.178365894136174,-41.02092357833947,29167.0,90058,0.0,87.06293706293707,0.0,0.6857142857142857,72.50458404325771,42.17813264396177,0.603579286535181,43.656858833750434,49.09565379736238,100.0,0.0,284.1921331113381,-0.13059440559440558
2019,53,18,Rafael Uribe Uribe,Baja,-8.21630166842059,-50.34597256453475,14267.0,46874,70.4954954954955,22.97297297297297,0.0,0.8857142857142857,45.64872408233867,32.17696350528153,0.603579286535181,43.656858833750434,49.09565379736238,100.0,0.0,147.9182532086085,-0.3164414414414415
2019,54,18,Rafael Uribe Uribe,Baja,-8.22443013946448,-59.48068618351516,31372.0,115218,91.0162002945508,1.6200294550810015,0.0,0.8285714285714285,75.84473293104492,51.4595775378879,0.603579286535181,43.656858833750434,49.09565379736238,100.0,0.0,363.5884562484416,-0.4106774668630339
2019,55,18,Rafael Uribe Uribe,Baja,-3.001064184620045,-69.1229684285509,22206.0,73342,93.91447368421052,0.0,0.0,0.8,75.47347122689092,43.137651547299285,0.603579286535181,43.656858833750434,49.09565379736238,100.0,0.0,231.4421753386902,-0.4985197368421052
2019,63,19,Ciudad Bolívar,Baja,-18.793967090481893,-73.96063891450099,8.0,34,33.33333333333333,0.0,0.0,1.0,46.43424039362268,29.67827137432306,0.2942952836094109,48.92648021691982,53.34610774858197,100.0,1.9230769230769231,0.1611925655068694,-0.1333333333333333
2019,64,19,Ciudad Bolívar,Baja,-20.833746542610072,-102.36401419228564,1736.0,5722,86.51685393258427,0.0,0.0,1.0,46.43424039362268,29.67827137432306,0.2942952836094109,48.92648021691982,53.34610774858197,100.0,1.9230769230769231,27.12776058324431,-0.6022471910112358
2019,65,19,Ciudad Bolívar,Baja,-35.64356330625946,-40.64571880107978,25601.0,79581,61.3013698630137,30.136986301369863,0.0,0.5428571428571429,81.29706931525732,58.01416649883968,0.2942952836094109,48.92648021691982,53.34610774858197,100.0,1.9230769230769231,377.29016340006393,-0.2904109589041096
2019,66,19,Ciudad Bolívar,Baja,-31.80127197707072,-54.66986448683388,22417.0,69427,92.79835390946502,0.0,0.0,0.7714285714285715,65.40070295580384,35.61601947628947,0.2942952836094109,48.92648021691982,53.34610774858197,100.0,1.9230769230769231,329.1504778072183,-0.42427983539094655
2019,67,19,Ciudad Bolívar,Baja,-33.245768368044715,-65.19591360602527,50616.0,157160,94.16562107904642,0.0,0.0,0.7428571428571429,50.70915088991646,30.514931570166198,0.2942952836094109,48.92648021691982,53.34610774858197,100.0,1.9230769230769231,745.0889292664585,-0.6149309912170638
2019,68,19,Ciudad Bolívar,Baja,-27.546100032588,-73.62061759502083,16289.0,51168,93.09734513274336,0.0,0.0,0.9142857142857144,46.43424039362268,29.67827137432306,0.2942952836094109,48.92648021691982,53.34610774858197,100.0,1.9230769230769231,242.58532917222038,-0.6368141592920354
2019,69,19,Ciudad Bolívar,Baja,-49.06636950554404,-39.05236598133497,47485.0,159120,78.00859598853867,0.8595988538681949,0.0,0.9428571428571428,64.6752521165627,54.88213851165708,0.2942952836094109,48.92648021691982,53.34610774858197,100.0,1.9230769230769231,754.3812065721488,-0.4835243553008596
2019,70,19,Ciudad Bolívar,Baja,-44.886535573196596,-53.554827333172625,25680.0,97494,87.97687861271677,0.0,0.0,0.8285714285714285,71.46859080726537,49.67462509485674,0.2942952836094109,48.92648021691982,53.34610774858197,100.0,1.9230769230769231,462.21494063313895,-0.6002312138728323
2020,1,1,Usaquén,Baja,52.42173470293715,112.91898919423654,905.0,2636,42.30769230769231,0.0,30.76923076923077,1.0,80.37325568082107,66.5875430601905,0.4232267310550924,18.20432710064477,36.40700859514727,100.0,0.0,3.4679721202213503,0.015384615384615385
2020,9,1,Usaquén,Baja,52.764220486745856,92.19188625768138,40813.0,126286,53.61702127659575,34.46808510638298,4.25531914893617,0.7714285714285715,76.72312747727439,57.78373182330883,0.4232267310550924,18.20432710064477,36.40700859514727,100.0,0.0,166.14428193257717,-0.2714893617021277
2020,10,1,Usaquén,Media,54.47452333031145,83.18216943219227,12344.0,34328,18.421052631578945,32.89473684210527,21.052631578947366,0.8285714285714285,80.37325568082107,66.5875430601905,0.4232267310550924,18.20432710064477,36.40700859514727,100.0,0.0,45.162574712806716,-0.12697368421052632
2020,11,1,Usaquén,Media,60.22809492236857,72.22755850641367,22253.0,70927,32.345013477088955,58.7601078167116,0.8086253369272238,0.9714285714285714,68.84995199602827,47.08741035989184,0.4232267310550924,18.20432710064477,36.40700859514727,100.0,0.0,93.31292055043237,-0.28409703504043127
2020,12,1,Usaquén,Media,48.21205986028848,76.53288821628783,21668.0,61308,3.1390134529147984,54.7085201793722,31.390134529147986,0.6571428571428571,84.14458187983718,66.83154597045804,0.4232267310550924,18.20432710064477,36.40700859514727,100.0,0.0,80.65797979762159,-0.09461883408071749
2020,13,1,Usaquén,Alta,50.62516421196206,63.011415461964596,55705.0,129866,1.7811704834605595,0.0,86.76844783715013,0.9428571428571428,85.28059921158618,72.47684889383278,0.4232267310550924,18.20432710064477,36.40700859514727,100.0,0.0,170.8541985450174,0.16132315521628499
2020,14,1,Usaquén,Alta,54.12597989024129,40.421401092850914,16181.0,41769,12.5,11.585365853658535,63.41463414634147,0.9142857142857144,93.517473005241,76.2875806532837,0.4232267310550924,18.20432710064477,36.40700859514727,100.0,0.0,54.95209692318876,0.23201219512195123
2020,15,1,Usaquén,Alta,45.25664624761402,53.15777892932296,9594.0,25404,0.0,0.0,89.39393939393939,0.9714285714285714,89.05316456072492,72.1769566448582,0.4232267310550924,18.20432710064477,36.40700859514727,100.0,0.0,33.421989280008795,0.49242424242424243
2020,16,1,Usaquén,Alta,43.52027626661661,42.57031353965014,32375.0,71469,0.0,0.0,85.91549295774648,0.9714285714285714,89.05316456072492,72.1769566448582,0.4232267310550924,18.20432710064477,36.40700859514727,100.0,0.0,94.02598613812583,0.4980281690140845
2020,88,2,Chapinero,Alta,42.86125281112812,20.414750484228133,16490.0,39563,0.0,0.0,90.04739336492891,1.0,85.8142985449947,65.45782951001642,0.5941833795463254,10.359824379573334,24.95064368350129,100.0,0.0,68.90181443372252,0.5350710900473933
2020,89,2,Chapinero,Baja,62.98261504716317,21.697107852412543,5534.0,16732,95.1923076923077,0.0,1.9230769230769231,1.0,59.68617809230392,42.4947150948463,0.5941833795463254,10.359824379573334,24.95064368350129,100.0,0.0,29.139983295125376,-0.37115384615384617
2020,90,2,Chapinero,Alta,35.53628695310171,1.914128000999335,22350.0,50573,44.63087248322148,0.3355704697986577,44.29530201342281,0.8857142857142857,81.69129402997835,62.793365172161785,0.5941833795463254,10.359824379573334,24.95064368350129,100.0,0.0,88.07652254269517,-0.21795302013422818
2020,97,2,Chapinero,Alta,37.27444853794916,24.467198521036966,17267.0,36688,0.0,1.2232415902140672,85.3211009174312,0.8285714285714285,85.8142985449947,65.45782951001642,0.5941833795463254,10.359824379573334,24.95064368350129,100.0,0.0,63.89479483215155,0.4073394495412844
2020,99,2,Chapinero,Alta,30.16765997600664,0.13382274756130452,13777.0,25257,0.0,36.95652173913043,45.65217391304348,0.9428571428571428,81.69129402997835,62.793365172161785,0.5941833795463254,10.359824379573334,24.95064368350129,100.0,0.0,43.98688489630538,-0.055434782608695644
2020,91,3,Santa Fe,Media,28.603542569557515,-13.614949310593461,5550.0,10807,0.0,50.0,24.285714285714285,0.8857142857142857,74.8513423318018,59.8240262549234,0.5498071820283936,34.4730057640131,48.787305442163415,100.0,0.0,140.56681473690142,-0.075
2020,92,3,Santa Fe,Baja,29.576666137665356,-20.499029141250844,5344.0,12328,53.84615384615384,15.384615384615383,17.094017094017094,0.9428571428571428,69.59290911730199,57.43541525110545,0.5498071820283936,34.4730057640131,48.787305442163415,100.0,0.0,160.35048506306288,-0.2717948717948718
2020,93,3,Santa Fe,Media,22.523177675371212,-24.57460689265902,8575.0,17050,6.015037593984962,69.92481203007519,0.0,0.7714285714285715,74.8513423318018,59.8240262549234,0.5498071820283936,34.4730057640131,48.787305442163415,100.0,0.0,221.76961147998236,-0.12894736842105264
2020,95,3,Santa Fe,Baja,16.6040490375661,-35.37065114263601,8408.0,20917,91.66666666666666,0.0,0.0,0.7714285714285715,43.99256712900596,32.24875405124618,0.5498071820283936,34.4730057640131,48.787305442163415,100.0,0.0,272.0677397845625,-0.36666666666666664
2020,96,3,Santa Fe,Baja,24.944099532943994,-39.01794449687237,13245.0,45379,95.58823529411764,0.0,0.0,1.0,61.77935560197444,48.332706133352325,0.5498071820283936,34.4730057640131,48.787305442163415,100.0,0.0,590.2453489354908,-0.41676470588235304
2020,32,4,San Cristóbal,Baja,17.25829512080333,-56.061642679129726,31078.0,101914,89.98302207130729,0.0,0.0,0.9142857142857144,67.65753957583333,46.62789509040049,0.2714444967767144,50.85949969229312,50.30768175888187,100.0,0.0,249.30390488941683,-0.400169779286927
2020,33,4,San Cristóbal,Media,14.121732033096874,-44.40549436839297,13853.0,43504,15.677966101694915,73.72881355932203,0.0,0.9142857142857144,79.42100242605466,55.39373114139244,0.2714444967767144,50.85949969229312,50.30768175888187,100.0,0.0,106.42028649949162,-0.17330508474576273
2020,34,4,San Cristóbal,Baja,7.237475366954071,-53.98737162980484,24752.0,79921,69.07020872865274,20.683111954459203,0.0,0.7428571428571429,71.08358111157993,37.8206204445353,0.2714444967767144,50.85949969229312,50.30768175888187,100.0,0.0,195.50422299847992,-0.3073055028462998
2020,50,4,San Cristóbal,Baja,11.446031147864026,-67.54763211551122,27271.0,95420,89.1156462585034,0.0,0.0,0.8,63.72089261344356,40.32089234732478,0.2714444967767144,50.85949969229312,50.30768175888187,100.0,0.0,233.41816241682355,-0.36802721088435375
2020,51,4,San Cristóbal,Baja,10.46051936704976,-77.99977289742324,22540.0,76589,91.11111111111111,0.0,0.0,0.9714285714285714,66.97255738040057,42.40208875052701,0.2714444967767144,50.85949969229312,50.30768175888187,100.0,0.0,187.35342319578808,-0.40634920634920646
2020,52,5,Usme,Baja,11.501373570494664,-97.04842127098003,6025.0,19145,95.78947368421052,0.0,0.0,1.0,55.95423569595468,33.43092149728123,0.5152892734203515,63.309847171059154,55.47471169257355,100.0,0.0,47.9123981404651,-0.6705263157894736
2020,56,5,Usme,Baja,-8.455586104625835,-75.89456532322569,16846.0,54209,95.27272727272728,0.0,0.0,0.9428571428571428,47.458686928251126,27.31307766370284,0.5152892734203515,63.309847171059154,55.47471169257355,100.0,0.0,135.6637864087998,-0.5927272727272727
2020,57,5,Usme,Baja,-4.686912363774609,-90.27335007646587,41201.0,128635,90.82926829268294,0.0,0.0,0.7428571428571429,76.10336606240905,50.34189279865453,0.5152892734203515,63.309847171059154,55.47471169257355,100.0,0.0,321.92276494117147,-0.44087804878048786
2020,58,5,Usme,Baja,-9.617814255879106,-100.06684893226095,30341.0,96425,88.57808857808857,0.0,0.0,0.9428571428571428,62.046773748264606,40.86220728004851,0.5152892734203515,63.309847171059154,55.47471169257355,100.0,0.0,241.31381513159292,-0.5060606060606061
2020,59,5,Usme,Baja,1.481700157551871,-106.41919983196306,16342.0,51083,90.24896265560167,0.0,0.0,0.9428571428571428,61.98964077990875,40.1041430090295,0.5152892734203515,63.309847171059154,55.47471169257355,100.0,0.0,127.84063902895684,-0.6311203319502074
2020,60,5,Usme,Baja,2.5562428536561006,-80.06569760132426,304.0,1092,76.92307692307692,0.0,0.0,1.0,47.458686928251126,27.31307766370284,0.5152892734203515,63.309847171059154,55.47471169257355,100.0,0.0,2.7328461096572414,-0.5153846153846153
2020,61,5,Usme,Baja,-4.945789287804316,-116.99343949676569,8409.0,25419,58.3596214511041,0.0,0.0,0.9714285714285714,61.98964077990875,40.1041430090295,0.5152892734203515,63.309847171059154,55.47471169257355,100.0,0.0,63.613750239356605,-0.34700315457413244
2020,42,6,Tunjuelito,Baja,-25.752531440005793,-40.83125965745809,47205.0,137792,55.70247933884298,35.70247933884298,0.0,0.8,76.40315995008112,60.79484066968382,0.2730772240795397,33.607446811745525,49.68061339894025,0.0,0.0,470.4456894669973,-0.27636363636363637
2020,62,6,Tunjuelito,Baja,-18.065510935174146,-58.87941860922457,11526.0,40875,85.77405857740587,4.602510460251046,0.0,0.8,50.542639718825214,30.68008554640913,0.2730772240795397,33.607446811745525,49.68061339894025,0.0,0.0,139.55431053300273,-0.3525104602510461
2020,49,7,Bosa,Baja,-44.730258201838005,-28.01301242834345,10992.0,36587,56.16438356164384,35.15981735159817,0.0,0.9428571428571428,76.16539097092507,55.13661598388408,0.3556506784206674,41.98795483602233,42.67739040119298,100.0,1.4705882352941178,121.58384353220175,-0.2773972602739726
2020,84,7,Bosa,Baja,-63.062688815856816,-10.657978569459326,58069.0,199020,96.58119658119658,0.0,0.0,0.5714285714285714,77.96385990316645,56.13099776495108,0.3556506784206674,41.98795483602233,42.67739040119298,100.0,1.4705882352941178,661.3719774722932,-0.3973504273504274
2020,85,7,Bosa,Baja,-66.41700350970574,-22.459420672368722,71150.0,236694,90.7563025210084,0.0,0.0,0.3428571428571428,70.16877120458035,45.45469240950858,0.3556506784206674,41.98795483602233,42.67739040119298,100.0,1.4705882352941178,786.5680777601596,-0.36325439266615744
2020,86,7,Bosa,Baja,-64.71956170943255,2.4343749556302403,40773.0,138916,94.8955916473318,0.0,0.0,0.6285714285714286,73.14536755747912,51.86268066207548,0.3556506784206674,41.98795483602233,42.67739040119298,100.0,1.4705882352941178,461.63777320139224,-0.5549883990719258
2020,87,7,Bosa,Baja,-78.16626907582783,-6.495877410013539,34450.0,106477,87.22222222222221,0.0,0.0,0.8285714285714285,73.71252068983654,50.32253612993178,0.3556506784206674,41.98795483602233,42.67739040119298,100.0,1.4705882352941178,353.83832803395325,-0.4288888888888889
2020,44,8,Kennedy,Media,-22.06559593448726,-11.434926935681919,26889.0,79530,24.065420560747665,58.87850467289719,6.775700934579438,0.8857142857142857,78.68749834591497,61.623981682993154,0.3608040769172437,38.936357486044365,39.90001531319474,98.66666666666669,1.3333333333333333,365.9038611572741,-0.18457943925233644
2020,45,8,Kennedy,Media,-27.284861832006523,-23.12117529937842,29124.0,90196,29.79890310786105,62.888482632541134,0.0,0.5714285714285714,69.86479309668712,47.439756941254615,0.3608040769172437,38.936357486044365,39.90001531319474,98.66666666666669,1.3333333333333333,414.9762939889538,-0.21352833638025592
2020,46,8,Kennedy,Media,-28.343045607985307,3.0103494618895152,48993.0,141266,36.80430879712747,51.70556552962297,0.0,0.7714285714285715,81.098107499209,58.03904473245194,0.3608040769172437,38.936357486044365,39.90001531319474,98.66666666666669,1.3333333333333333,649.9405865741668,-0.22477558348294435
2020,47,8,Kennedy,Media,-38.248055784417474,-12.184513101243258,31982.0,94337,0.0,86.48111332007953,0.0,0.9714285714285714,66.24843580544717,52.77505280884959,0.3608040769172437,38.936357486044365,39.90001531319474,98.66666666666669,1.3333333333333333,434.02832327415774,-0.12972166998011928
2020,48,8,Kennedy,Media,-42.29413528361358,-21.895607463593283,44327.0,141465,32.60619977037887,55.91274397244547,0.0,0.6571428571428571,74.82087166621648,55.19740993648533,0.3608040769172437,38.936357486044365,39.90001531319474,98.66666666666669,1.3333333333333333,650.8561513719826,-0.2142939150401837
2020,78,8,Kennedy,Baja,-35.911811283836144,13.977987540501635,10136.0,29270,57.142857142857146,8.16326530612245,0.0,0.9714285714285714,73.13184284306593,54.772991493014814,0.3608040769172437,38.936357486044365,39.90001531319474,98.66666666666669,1.3333333333333333,134.66623935714085,-0.29591836734693877
2020,79,8,Kennedy,Baja,-42.53329658964881,7.702045500242773,42433.0,128285,83.06451612903226,3.225806451612903,0.0,0.7714285714285715,72.82112966077318,61.63669483547722,0.3608040769172437,38.936357486044365,39.90001531319474,98.66666666666669,1.3333333333333333,590.2172366221665,-0.3370967741935484
2020,80,8,Kennedy,Baja,-42.273955229782345,-5.977751231059277,17474.0,56908,91.84782608695652,0.5434782608695652,0.0,0.7714285714285715,55.74611171705038,40.10378762635176,0.3608040769172437,38.936357486044365,39.90001531319474,98.66666666666669,1.3333333333333333,261.8239272065655,-0.36820652173913043
2020,81,8,Kennedy,Baja,-52.04975412330823,-13.581667111782979,19430.0,63038,91.12271540469972,0.2610966057441253,0.0,0.8285714285714285,66.20852647951097,44.402578420459264,0.3608040769172437,38.936357486044365,39.90001531319474,98.66666666666669,1.3333333333333333,290.0270036417986,-0.3648825065274151
2020,82,8,Kennedy,Baja,-48.62602468570228,1.843592198038629,43276.0,139753,90.084388185654,0.0,0.0,0.6857142857142857,65.53993024918347,49.047188232984766,0.3608040769172437,38.936357486044365,39.90001531319474,98.66666666666669,1.3333333333333333,642.9795336138882,-0.37774261603375525
2020,83,8,Kennedy,Baja,-54.5483415668318,-0.8831666093172195,9142.0,30545,84.61538461538461,0.0,0.0,0.9428571428571428,63.63195140312623,45.60996053240007,0.3608040769172437,38.936357486044365,39.90001531319474,98.66666666666669,1.3333333333333333,140.53229522254415,-0.3384615384615385
2020,113,8,Kennedy,Media,-17.795965597751394,-1.1224568653696527,14608.0,39786,0.0,70.16129032258065,8.870967741935484,1.0,81.098107499209,58.03904473245194,0.3608040769172437,38.936357486044365,39.90001531319474,98.66666666666669,1.3333333333333333,183.04854796936132,-0.10524193548387097
2020,75,9,Fontibón,Media,-29.087070742236296,28.542860929698993,43919.0,135132,4.444444444444445,88.88888888888889,0.1587301587301587,0.4571428571428572,68.81701547138886,52.179635506388976,0.3361631027578329,30.352187341783043,29.61704982593028,94.11764705882352,0.0,385.27905413788824,-0.1511111111111111
2020,76,9,Fontibón,Baja,-41.4147072770074,41.66439567193389,11024.0,34104,61.92307692307693,25.384615384615383,0.0,0.8,63.37252624275612,46.515358698987896,0.3361631027578329,30.352187341783043,29.61704982593028,94.11764705882352,0.0,97.23497663261507,-0.2857692307692308
2020,77,9,Fontibón,Baja,-41.951432050513105,27.879386292616836,19598.0,61474,69.04761904761905,3.571428571428571,0.0,0.7714285714285715,82.01168985510337,69.80228725936432,0.3361631027578329,30.352187341783043,29.61704982593028,94.11764705882352,0.0,175.27043612225484,-0.28154761904761905
2020,110,9,Fontibón,Alta,-5.239110764421833,12.599619088706095,17627.0,45012,0.0,5.681818181818182,63.63636363636363,1.0,81.31390114744809,70.45870228409093,0.3361631027578329,30.352187341783043,29.61704982593028,94.11764705882352,0.0,128.33511518259647,0.059659090909090905
2020,112,9,Fontibón,Baja,-15.87109482585142,11.024278620455103,17961.0,48570,9.826589595375722,4.046242774566474,23.69942196531792,0.7428571428571429,81.20952913275184,58.89130678795048,0.3361631027578329,30.352187341783043,29.61704982593028,94.11764705882352,0.0,138.47943980313494,-0.041329479768786134
2020,114,9,Fontibón,Alta,-13.169334799166148,20.769702004802724,15296.0,43805,0.0,14.285714285714285,73.17073170731707,1.0,85.32015350826416,68.0430975601345,0.3361631027578329,30.352187341783043,29.61704982593028,94.11764705882352,0.0,124.89379988833285,-0.021428571428571425
2020,115,9,Fontibón,Media,-16.678705232222566,30.149046509278318,6181.0,17942,0.0,53.333333333333336,8.333333333333332,0.9714285714285714,88.05021915741271,68.37331516239573,0.3361631027578329,30.352187341783043,29.61704982593028,94.11764705882352,0.0,51.15499503701559,-0.08
2020,117,9,Fontibón,Baja,-27.94548926486944,44.688284370763384,283.0,825,0.0,27.27272727272727,0.0,1.0,88.05021915741271,68.37331516239573,0.3361631027578329,30.352187341783043,29.61704982593028,94.11764705882352,0.0,2.3521831961619584,-0.0409090909090909
2020,26,10,Engativá,Media,10.276355493632146,31.910299054068357,34297.0,100990,0.0,90.0763358778626,1.3358778625954195,0.2,76.26813843806998,58.168878879795,0.2338602758501648,37.98822337252181,37.7285295134672,100.0,0.0,163.9043984265631,-0.1351145038167939
2020,29,10,Engativá,Media,4.781923918154401,51.6797912211429,36432.0,110704,26.086956521739133,51.17056856187291,0.0,0.4,78.22396672616874,51.97403057345479,0.2338602758501648,37.98822337252181,37.7285295134672,100.0,0.0,179.66999231027071,-0.19280936454849498
2020,30,10,Engativá,Media,0.7406477156995486,41.68295583306191,43383.0,127864,0.0,90.7936507936508,0.1587301587301587,0.4285714285714286,76.47369646396214,62.10476773492199,0.2338602758501648,37.98822337252181,37.7285295134672,100.0,0.0,207.5202693376974,-0.1361904761904762
2020,31,10,Engativá,Media,-2.6191364237914483,28.475365520905857,24489.0,67179,0.0,64.59948320413437,30.23255813953488,0.8285714285714285,82.68390449134027,65.99553017507957,0.2338602758501648,37.98822337252181,37.7285295134672,100.0,0.0,109.02993941873534,-0.09689922480620157
2020,72,10,Engativá,Media,-8.334441597042606,64.03490000927587,29862.0,83307,0.0,75.97402597402598,0.0,0.8571428571428572,70.29060580201613,55.81891871788736,0.2338602758501648,37.98822337252181,37.7285295134672,100.0,0.0,135.20530468087625,-0.11396103896103897
2020,73,10,Engativá,Media,-14.619765799082039,55.847881298624756,55534.0,166155,24.776785714285715,64.84375,1.5625,0.2,76.1985193283638,57.53739808949218,0.2338602758501648,37.98822337252181,37.7285295134672,100.0,0.0,269.66566314056433,-0.19637276785714286
2020,74,10,Engativá,Baja,-26.0698196884656,55.74719846122355,45248.0,140495,90.8062234794908,0.1414427157001414,0.0,0.2,69.9181790910935,47.69917350844221,0.2338602758501648,37.98822337252181,37.7285295134672,100.0,0.0,228.02008572076423,-0.36343705799151343
2020,105,10,Engativá,Baja,2.0353328681845837,18.155899234754035,935.0,2729,7.6923076923076925,23.07692307692308,0.0,1.0,82.68390449134027,65.99553017507957,0.2338602758501648,37.98822337252181,37.7285295134672,100.0,0.0,4.429102914210225,-0.06538461538461539
2020,116,10,Engativá,Media,-9.33726500048923,34.84343875316049,4327.0,12049,4.819277108433735,53.01204819277109,2.409638554216868,0.8285714285714285,83.87653084361145,62.06944431398723,0.2338602758501648,37.98822337252181,37.7285295134672,100.0,0.0,19.555244050318432,-0.08674698795180723
2020,2,11,Suba,Baja,41.02039658095067,108.30741916799685,1459.0,4743,0.0,2.3255813953488373,23.25581395348837,1.0,72.20701072422837,57.76385279447567,0.3749554377749831,39.01482696369601,33.58415683278398,100.0,0.0,9.078932146866162,0.11976744186046512
2020,3,11,Suba,Baja,43.900633854069746,132.28368026026448,622.0,2469,0.0,6.0,42.0,1.0,72.20701072422837,57.76385279447567,0.3749554377749831,39.01482696369601,33.58415683278398,100.0,0.0,4.7260981384382355,0.237
2020,17,11,Suba,Alta,36.1552904175447,91.63862946599721,17708.0,49996,0.0,22.641509433962263,65.56603773584905,0.9714285714285714,72.20701072422837,57.76385279447567,0.3749554377749831,39.01482696369601,33.58415683278398,100.0,0.0,95.70109458459217,0.046226415094339626
2020,18,11,Suba,Media,35.34709269863864,80.56187953544625,32961.0,90709,2.5,78.75,10.625,0.9142857142857144,77.31607457950625,60.29390839123392,0.3749554377749831,39.01482696369601,33.58415683278398,100.0,0.0,173.63290240566786,-0.11875
2020,19,11,Suba,Media,35.33099698011065,63.2995185464543,38034.0,102564,2.0527859237536656,61.87683284457478,31.96480938416422,0.8,87.76963627596155,75.4893463224884,0.3749554377749831,39.01482696369601,33.58415683278398,100.0,0.0,196.32544733526905,-0.07316715542521995
2020,20,11,Suba,Alta,31.957765777074577,44.186562246911535,18091.0,41777,0.0,0.0,88.38174273858921,1.0,92.2041732620844,82.78548183287694,0.3749554377749831,39.01482696369601,33.58415683278398,100.0,0.0,79.96849004841401,0.43983402489626555
2020,23,11,Suba,Baja,25.959644221570343,77.92812170952558,20491.0,58206,30.17241379310345,7.758620689655173,46.55172413793103,1.0,82.0771028674586,73.17798121726564,0.3749554377749831,39.01482696369601,33.58415683278398,100.0,0.0,111.41647154553907,-0.0064655172413793215
2020,24,11,Suba,Alta,22.91261749996571,58.37575504719357,29404.0,81374,0.4608294930875576,18.66359447004608,73.50230414746544,0.9714285714285714,86.63856518436542,73.42940420949552,0.3749554377749831,39.01482696369601,33.58415683278398,100.0,0.0,155.76407854081532,0.2982718894009217
2020,25,11,Suba,Alta,18.274739337358625,45.216075566518896,16211.0,43922,0.0,16.666666666666664,74.50980392156862,0.9714285714285714,92.93162117268176,80.1433736870218,0.3749554377749831,39.01482696369601,33.58415683278398,100.0,0.0,84.07439547852742,0.05637254901960783
2020,27,11,Suba,Baja,12.48170160509646,82.53759537102732,60600.0,176206,50.83056478405316,31.22923588039867,10.132890365448503,0.7142857142857143,85.31235262712039,64.76873097724933,0.3749554377749831,39.01482696369601,33.58415683278398,100.0,0.0,337.2891245774191,-0.23654485049833887
2020,28,11,Suba,Baja,7.511673902006199,68.99391690203842,87669.0,283353,65.7856093979442,25.55066079295154,0.3671071953010279,0.6857142857142857,75.15676100961866,54.72520150108077,0.3749554377749831,39.01482696369601,33.58415683278398,100.0,0.0,542.3872360554433,-0.3052129221732746
2020,71,11,Suba,Baja,-7.2114755686706244,79.36322845145517,92481.0,288707,84.50046685340803,4.3884220354808585,0.0,0.2,75.31680536979212,54.44559434047566,0.3749554377749831,39.01482696369601,33.58415683278398,100.0,0.0,552.6357291430085,-0.3445845004668534
2020,21,12,Barrios Unidos,Alta,27.468073729139288,32.65973523402431,10120.0,29418,0.0,34.97757847533632,52.46636771300449,0.6,80.41321120980301,70.61201816059211,0.4979879700171731,42.15791796788533,34.428262295593406,100.0,0.0,143.3271489896346,0.001345291479820633
2020,22,12,Barrios Unidos,Media,18.7235467874251,24.714628497789768,25070.0,70278,0.0,63.25581395348837,26.97674418604652,0.4285714285714286,78.98008387147235,61.57161312967068,0.4979879700171731,42.15791796788533,34.428262295593406,100.0,0.0,342.40075384776463,-0.09488372093023255
2020,98,12,Barrios Unidos,Media,26.944165305610902,17.784912981463908,16096.0,42184,0.0,79.25233644859813,10.093457943925234,0.2857142857142857,71.92251681333613,50.77884863535045,0.4979879700171731,42.15791796788533,34.428262295593406,100.0,0.0,205.5242522597983,-0.11887850467289718
2020,103,12,Barrios Unidos,Media,14.21229559638227,16.803261797216255,511.0,1385,0.0,76.47058823529412,0.0,0.9428571428571428,78.98008387147235,61.57161312967068,0.4979879700171731,42.15791796788533,34.428262295593406,100.0,0.0,6.747844902802499,-0.11470588235294116
2020,100,13,Teusaquillo,Alta,23.565363950779815,3.8557134209371484,16533.0,37449,0.0,33.6996336996337,59.70695970695971,0.7142857142857143,79.98969638572802,64.94652997664521,0.6633339207279338,15.44212714962264,22.41497962005453,100.0,0.0,37.629715547505924,-0.05054945054945055
2020,101,13,Teusaquillo,Alta,22.69998067194829,-7.632317244604541,13304.0,28222,0.0,7.38255033557047,82.21476510067114,0.9714285714285714,84.24968726091629,64.10307294501042,0.6633339207279338,15.44212714962264,22.41497962005453,100.0,0.0,28.358189328999764,-0.011073825503355705
2020,104,13,Teusaquillo,Alta,9.82270173284458,6.953264778428711,1032.0,3244,0.0,0.0,60.86956521739131,1.0,88.4492919452778,73.73536807238531,0.6633339207279338,15.44212714962264,22.41497962005453,100.0,0.0,3.2596543895994343,0.0
2020,106,13,Teusaquillo,Alta,13.492371721177673,7.351330899985041,14325.0,39784,0.0,0.0,88.95705521472392,1.0,88.4492919452778,73.73536807238531,0.6633339207279338,15.44212714962264,22.41497962005453,100.0,0.0,39.975983426579496,0.12883435582822084
2020,107,13,Teusaquillo,Alta,11.148032267134015,-5.594343444189677,11511.0,28200,0.0,10.967741935483872,80.0,0.8857142857142857,88.53145193641939,76.8057548108156,0.6633339207279338,15.44212714962264,22.41497962005453,100.0,0.0,28.336083164828622,-0.016451612903225808
2020,109,13,Teusaquillo,Baja,2.0845174155648176,3.6488699560317523,8912.0,24323,0.0,1.36986301369863,49.31506849315068,1.0,88.85942176915795,70.82791146252507,0.6633339207279338,15.44212714962264,22.41497962005453,100.0,0.0,24.440374142486757,0.03904109589041096
2020,37,14,Los Mártires,Media,6.570972857598681,-29.419014336935554,15925.0,43999,0.0,90.6060606060606,0.0,0.9142857142857144,67.48203891676579,53.216968121292105,0.1556112406337143,29.331591387661103,55.15082387145006,100.0,14.285714285714286,500.5748175619093,-0.13590909090909087
2020,102,14,Los Mártires,Media,14.884438746411664,-20.102544127407793,15668.0,39591,13.65979381443299,70.10309278350515,0.7731958762886598,0.5142857142857142,55.39672283455738,40.55286180531498,0.1556112406337143,29.331591387661103,55.15082387145006,100.0,14.285714285714286,450.4251824380907,-0.15979381443298968
2020,35,15,Antonio Nariño,Media,8.511974289699769,-40.30677476216185,8195.0,25932,15.66265060240964,75.90361445783132,0.0,0.8857142857142857,80.80694740507136,68.36074108410646,0.465646666219045,34.83537776548703,52.97075347343085,100.0,0.0,42.651315789473685,-0.17650602409638555
2020,38,15,Antonio Nariño,Media,-1.398664664249712,-35.10179454926789,18676.0,55540,0.0,87.75981524249423,0.23094688221709,0.5428571428571429,74.46747068845696,62.25739680349445,0.465646666219045,34.83537776548703,52.97075347343085,100.0,0.0,91.34868421052632,-0.13163972286374134
2020,40,16,Puente Aranda,Media,-5.733967766414086,-23.062791843858236,34946.0,101210,0.0,88.19672131147541,0.0,0.8857142857142857,83.81312566881827,64.0199728644823,0.3174190663479431,51.47269259344049,42.63143945150932,100.0,0.0,343.99656529916166,-0.13229508196721312
2020,41,16,Puente Aranda,Media,-16.15475609603105,-28.96259066161855,18722.0,58711,0.0,85.625,0.0,0.9428571428571428,85.44065388850419,61.14426533938219,0.3174190663479431,51.47269259344049,42.63143945150932,100.0,0.0,199.54927719868667,-0.12843749999999998
2020,43,16,Puente Aranda,Media,-9.42559724601529,-13.180212065021818,23741.0,73044,0.0,91.90600522193212,0.0,0.9142857142857144,84.12071653780167,72.79156957770807,0.3174190663479431,51.47269259344049,42.63143945150932,100.0,0.0,248.26484651429664,-0.13785900783289817
2020,108,16,Puente Aranda,Baja,5.491006201516527,-14.2934802873161,2195.0,6356,2.2522522522522523,30.180180180180184,0.0,0.8,63.120551115597415,50.9074404427709,0.3174190663479431,51.47269259344049,42.63143945150932,100.0,0.0,21.603025086863664,-0.05427927927927928
2020,111,16,Puente Aranda,Media,-3.0494527191645466,-3.5457477288910497,1952.0,11647,0.8264462809917356,55.371900826446286,0.8264462809917356,0.8571428571428572,63.120551115597415,50.9074404427709,0.3174190663479431,51.47269259344049,42.63143945150932,100.0,0.0,39.58628590099136,-0.08636363636363636
2020,94,17,La Candelaria,Baja,24.071217872048727,-30.747808060108994,8335.0,17611,42.62295081967213,26.229508196721312,0.0,0.9142857142857144,74.016551465833,54.830721201436575,0.6712410704745336,35.31957637115097,40.3460655332117,0.0,0.0,95.0,-0.21475409836065576
2020,36,18,Rafael Uribe Uribe,Media,0.20020119700425615,-47.606380656200926,16186.0,48254,3.076923076923077,85.0,0.0,0.8,84.00644261206945,54.51982911123658,0.603579286535181,43.656858833750434,49.09565379736238,100.0,0.0,149.43170917165912,-0.1398076923076923
2020,39,18,Rafael Uribe Uribe,Media,-10.178365894136174,-41.02092357833947,30284.0,91576,0.0,87.06293706293707,0.0,0.6857142857142857,72.50458404325771,42.17813264396177,0.603579286535181,43.656858833750434,49.09565379736238,100.0,0.0,283.59013136950006,-0.13059440559440558
2020,53,18,Rafael Uribe Uribe,Baja,-8.21630166842059,-50.34597256453475,14541.0,47295,70.4954954954955,22.97297297297297,0.0,0.8857142857142857,45.64872408233867,32.17696350528153,0.603579286535181,43.656858833750434,49.09565379736238,100.0,0.0,146.4619033711945,-0.3164414414414415
2020,54,18,Rafael Uribe Uribe,Baja,-8.22443013946448,-59.48068618351516,32991.0,118359,91.0162002945508,1.6200294550810015,0.0,0.8285714285714285,75.84473293104492,51.4595775378879,0.603579286535181,43.656858833750434,49.09565379736238,100.0,0.0,366.53101641000546,-0.4106774668630339
2020,55,18,Rafael Uribe Uribe,Baja,-3.001064184620045,-69.1229684285509,23058.0,74589,93.91447368421052,0.0,0.0,0.8,75.47347122689092,43.137651547299285,0.603579286535181,43.656858833750434,49.09565379736238,100.0,0.0,230.98523967764086,-0.4985197368421052
2020,63,19,Ciudad Bolívar,Baja,-18.793967090481893,-73.96063891450099,10.0,32,33.33333333333333,0.0,0.0,1.0,46.43424039362268,29.67827137432306,0.2942952836094109,48.92648021691982,53.34610774858197,100.0,1.9230769230769231,0.14879904784816217,-0.1333333333333333
2020,64,19,Ciudad Bolívar,Baja,-20.833746542610072,-102.36401419228564,1847.0,6037,86.51685393258427,0.0,0.0,1.0,46.43424039362268,29.67827137432306,0.2942952836094109,48.92648021691982,53.34610774858197,100.0,1.9230769230769231,28.071870370604845,-0.6022471910112358
2020,65,19,Ciudad Bolívar,Baja,-35.64356330625946,-40.64571880107978,27305.0,81550,61.3013698630137,30.136986301369863,0.0,0.5428571428571429,81.29706931525732,58.01416649883968,0.2942952836094109,48.92648021691982,53.34610774858197,100.0,1.9230769230769231,379.2050735005508,-0.2904109589041096
2020,66,19,Ciudad Bolívar,Baja,-31.80127197707072,-54.66986448683388,22921.0,70470,92.79835390946502,0.0,0.0,0.7714285714285715,65.40070295580384,35.61601947628947,0.2942952836094109,48.92648021691982,53.34610774858197,100.0,1.9230769230769231,327.6834031831246,-0.42427983539094655
2020,67,19,Ciudad Bolívar,Baja,-33.245768368044715,-65.19591360602527,51889.0,159778,94.16562107904642,0.0,0.0,0.7428571428571429,50.70915088991646,30.514931570166198,0.2942952836094109,48.92648021691982,53.34610774858197,100.0,1.9230769230769231,742.9629458463642,-0.6149309912170638
2020,68,19,Ciudad Bolívar,Baja,-27.546100032588,-73.62061759502083,16808.0,52339,93.09734513274336,0.0,0.0,0.9142857142857144,46.43424039362268,29.67827137432306,0.2942952836094109,48.92648021691982,53.34610774858197,100.0,1.9230769230769231,243.374792666405,-0.6368141592920354
2020,69,19,Ciudad Bolívar,Baja,-49.06636950554404,-39.05236598133497,49975.0,162089,78.00859598853867,0.8595988538681949,0.0,0.9428571428571428,64.6752521165627,54.88213851165708,0.2942952836094109,48.92648021691982,53.34610774858197,100.0,1.9230769230769231,753.7090270831487,-0.4835243553008596
2020,70,19,Ciudad Bolívar,Baja,-44.886535573196596,-53.554827333172625,27023.0,99537,87.97687861271677,0.0,0.0,0.8285714285714285,71.46859080726537,49.67462509485674,0.2942952836094109,48.92648021691982,53.34610774858197,100.0,1.9230769230769231,462.8440883019537,-0.6002312138728323
2021,1,1,Usaquén,Baja,52.42173470293715,112.91898919423654,912.0,2647,42.30769230769231,0.0,30.76923076923077,1.0,80.37325568082107,66.5875430601905,0.4232267310550924,18.20432710064477,36.40700859514727,100.0,0.0,3.4415536171748786,0.015384615384615385
2021,9,1,Usaquén,Baja,52.764220486745856,92.19188625768138,42331.0,128069,53.61702127659575,34.46808510638298,4.25531914893617,0.7714285714285715,76.72312747727439,57.78373182330883,0.4232267310550924,18.20432710064477,36.40700859514727,100.0,0.0,166.51164722250454,-0.2714893617021277
2021,10,1,Usaquén,Media,54.47452333031145,83.18216943219227,13174.0,35264,18.421052631578945,32.89473684210527,21.052631578947366,0.8285714285714285,80.37325568082107,66.5875430601905,0.4232267310550924,18.20432710064477,36.40700859514727,100.0,0.0,45.84924320213635,-0.12697368421052632
2021,11,1,Usaquén,Media,60.22809492236857,72.22755850641367,22721.0,71443,32.345013477088955,58.7601078167116,0.8086253369272238,0.9714285714285714,68.84995199602827,47.08741035989184,0.4232267310550924,18.20432710064477,36.40700859514727,100.0,0.0,92.88814320809401,-0.28409703504043127
2021,12,1,Usaquén,Media,48.21205986028848,76.53288821628783,22219.0,61776,3.1390134529147984,54.7085201793722,31.390134529147986,0.6571428571428571,84.14458187983718,66.83154597045804,0.4232267310550924,18.20432710064477,36.40700859514727,100.0,0.0,80.31938657143758,-0.09461883408071749
2021,13,1,Usaquén,Alta,50.62516421196206,63.011415461964596,57656.0,131393,1.7811704834605595,0.0,86.76844783715013,0.9428571428571428,85.28059921158618,72.47684889383278,0.4232267310550924,18.20432710064477,36.40700859514727,100.0,0.0,170.83341685737014,0.16132315521628499
2021,14,1,Usaquén,Alta,54.12597989024129,40.421401092850914,16685.0,42163,12.5,11.585365853658535,63.41463414634147,0.9142857142857144,93.517473005241,76.2875806532837,0.4232267310550924,18.20432710064477,36.40700859514727,100.0,0.0,54.81912548581201,0.23201219512195123
2021,15,1,Usaquén,Alta,45.25664624761402,53.15777892932296,9766.0,25590,0.0,0.0,89.39393939393939,0.9714285714285714,89.05316456072492,72.1769566448582,0.4232267310550924,18.20432710064477,36.40700859514727,100.0,0.0,33.271385365887845,0.49242424242424243
2021,16,1,Usaquén,Alta,43.52027626661661,42.57031353965014,33538.0,72349,0.0,0.0,85.91549295774648,0.9714285714285714,89.05316456072492,72.1769566448582,0.4232267310550924,18.20432710064477,36.40700859514727,100.0,0.0,94.06609846958264,0.4980281690140845
2021,88,2,Chapinero,Alta,42.86125281112812,20.414750484228133,16841.0,40298,0.0,0.0,90.04739336492891,1.0,85.8142985449947,65.45782951001642,0.5941833795463254,10.359824379573334,24.95064368350129,100.0,0.0,68.74597160248116,0.5350710900473933
2021,89,2,Chapinero,Baja,62.98261504716317,21.697107852412543,5700.0,17155,95.1923076923077,0.0,1.9230769230769231,1.0,59.68617809230392,42.4947150948463,0.5941833795463254,10.359824379573334,24.95064368350129,100.0,0.0,29.26540133109743,-0.37115384615384617
2021,90,2,Chapinero,Alta,35.53628695310171,1.914128000999335,22916.0,51772,44.63087248322148,0.3355704697986577,44.29530201342281,0.8857142857142857,81.69129402997835,62.793365172161785,0.5941833795463254,10.359824379573334,24.95064368350129,100.0,0.0,88.3199275845862,-0.21795302013422818
2021,97,2,Chapinero,Alta,37.27444853794916,24.467198521036966,17665.0,37408,0.0,1.2232415902140672,85.3211009174312,0.8285714285714285,85.8142985449947,65.45782951001642,0.5941833795463254,10.359824379573334,24.95064368350129,100.0,0.0,63.81580489616396,0.4073394495412844
2021,99,2,Chapinero,Alta,30.16765997600664,0.13382274756130452,14037.0,25706,0.0,36.95652173913043,45.65217391304348,0.9428571428571428,81.69129402997835,62.793365172161785,0.5941833795463254,10.359824379573334,24.95064368350129,100.0,0.0,43.852894585671265,-0.055434782608695644
2021,91,3,Santa Fe,Media,28.603542569557515,-13.614949310593461,5897.0,11006,0.0,50.0,24.285714285714285,0.8857142857142857,74.8513423318018,59.8240262549234,0.5498071820283936,34.4730057640131,48.787305442163415,100.0,0.0,142.78511010987572,-0.075
2021,92,3,Santa Fe,Baja,29.576666137665356,-20.499029141250844,5489.0,12324,53.84615384615384,15.384615384615383,17.094017094017094,0.9428571428571428,69.59290911730199,57.43541525110545,0.5498071820283936,34.4730057640131,48.787305442163415,100.0,0.0,159.8840357072604,-0.2717948717948718
2021,93,3,Santa Fe,Media,22.523177675371212,-24.57460689265902,8942.0,17153,6.015037593984962,69.92481203007519,0.0,0.7714285714285715,74.8513423318018,59.8240262549234,0.5498071820283936,34.4730057640131,48.787305442163415,100.0,0.0,222.5325271410774,-0.12894736842105264
2021,95,3,Santa Fe,Baja,16.6040490375661,-35.37065114263601,8685.0,20908,91.66666666666666,0.0,0.0,0.7714285714285715,43.99256712900596,32.24875405124618,0.5498071820283936,34.4730057640131,48.787305442163415,100.0,0.0,271.2475996890134,-0.36666666666666664
2021,96,3,Santa Fe,Baja,24.944099532943994,-39.01794449687237,13563.0,45366,95.58823529411764,0.0,0.0,1.0,61.77935560197444,48.332706133352325,0.5498071820283936,34.4730057640131,48.787305442163415,100.0,0.0,588.5507273527732,-0.41676470588235304
2021,32,4,San Cristóbal,Baja,17.25829512080333,-56.061642679129726,31934.0,103207,89.98302207130729,0.0,0.0,0.9142857142857144,67.65753957583333,46.62789509040049,0.2714444967767144,50.85949969229312,50.30768175888187,100.0,0.0,250.17071035798452,-0.400169779286927
2021,33,4,San Cristóbal,Media,14.121732033096874,-44.40549436839297,14201.0,43916,15.677966101694915,73.72881355932203,0.0,0.9142857142857144,79.42100242605466,55.39373114139244,0.2714444967767144,50.85949969229312,50.30768175888187,100.0,0.0,106.45108293120862,-0.17330508474576273
2021,34,4,San Cristóbal,Baja,7.237475366954071,-53.98737162980484,25161.0,80363,69.07020872865274,20.683111954459203,0.0,0.7428571428571429,71.08358111157993,37.8206204445353,0.2714444967767144,50.85949969229312,50.30768175888187,100.0,0.0,194.79753114128604,-0.3073055028462998
2021,50,4,San Cristóbal,Baja,11.446031147864026,-67.54763211551122,27702.0,96020,89.1156462585034,0.0,0.0,0.8,63.72089261344356,40.32089234732478,0.2714444967767144,50.85949969229312,50.30768175888187,100.0,0.0,232.74963528223543,-0.36802721088435375
2021,51,4,San Cristóbal,Baja,10.46051936704976,-77.99977289742324,23120.0,77489,91.11111111111111,0.0,0.0,0.9714285714285714,66.97255738040057,42.40208875052701,0.2714444967767144,50.85949969229312,50.30768175888187,100.0,0.0,187.83104028728536,-0.40634920634920646
2021,52,5,Usme,Baja,11.501373570494664,-97.04842127098003,6236.0,19520,95.78947368421052,0.0,0.0,1.0,55.95423569595468,33.43092149728123,0.5152892734203515,63.309847171059154,55.47471169257355,100.0,0.0,47.83391753167952,-0.6705263157894736
2021,56,5,Usme,Baja,-8.455586104625835,-75.89456532322569,17699.0,55825,95.27272727272728,0.0,0.0,0.9428571428571428,47.458686928251126,27.31307766370284,0.5152892734203515,63.309847171059154,55.47471169257355,100.0,0.0,136.79961302284883,-0.5927272727272727
2021,57,5,Usme,Baja,-4.686912363774609,-90.27335007646587,41919.0,130703,90.82926829268294,0.0,0.0,0.7428571428571429,76.10336606240905,50.34189279865453,0.5152892734203515,63.309847171059154,55.47471169257355,100.0,0.0,320.2887563085609,-0.44087804878048786
2021,58,5,Usme,Baja,-9.617814255879106,-100.06684893226095,31112.0,98248,88.57808857808857,0.0,0.0,0.9428571428571428,62.046773748264606,40.86220728004851,0.5152892734203515,63.309847171059154,55.47471169257355,100.0,0.0,240.75751688793287,-0.5060606060606061
2021,59,5,Usme,Baja,1.481700157551871,-106.41919983196306,16851.0,52072,90.24896265560167,0.0,0.0,0.9428571428571428,61.98964077990875,40.1041430090295,0.5152892734203515,63.309847171059154,55.47471169257355,100.0,0.0,127.60285623512378,-0.6311203319502074
2021,60,5,Usme,Baja,2.5562428536561006,-80.06569760132426,304.0,1125,76.92307692307692,0.0,0.0,1.0,47.458686928251126,27.31307766370284,0.5152892734203515,63.309847171059154,55.47471169257355,100.0,0.0,2.7568215790542756,-0.5153846153846153
2021,61,5,Usme,Baja,-4.945789287804316,-116.99343949676569,9130.0,26509,58.3596214511041,0.0,0.0,0.9714285714285714,61.98964077990875,40.1041430090295,0.5152892734203515,63.309847171059154,55.47471169257355,100.0,0.0,64.96051843479981,-0.34700315457413244
2021,42,6,Tunjuelito,Baja,-25.752531440005793,-40.83125965745809,48315.0,139114,55.70247933884298,35.70247933884298,0.0,0.8,76.40315995008112,60.79484066968382,0.2730772240795397,33.607446811745525,49.68061339894025,0.0,0.0,471.0284305998068,-0.27636363636363637
2021,62,6,Tunjuelito,Baja,-18.065510935174146,-58.87941860922457,11683.0,41044,85.77405857740587,4.602510460251046,0.0,0.8,50.542639718825214,30.68008554640913,0.2730772240795397,33.607446811745525,49.68061339894025,0.0,0.0,138.97156940019318,-0.3525104602510461
2021,49,7,Bosa,Baja,-44.730258201838005,-28.01301242834345,10969.0,36361,56.16438356164384,35.15981735159817,0.0,0.9428571428571428,76.16539097092507,55.13661598388408,0.3556506784206674,41.98795483602233,42.67739040119298,100.0,1.4705882352941178,119.96379132181387,-0.2773972602739726
2021,84,7,Bosa,Baja,-63.062688815856816,-10.657978569459326,59404.0,199192,96.58119658119658,0.0,0.0,0.5714285714285714,77.96385990316645,56.13099776495108,0.3556506784206674,41.98795483602233,42.67739040119298,100.0,1.4705882352941178,657.1829025872431,-0.3973504273504274
2021,85,7,Bosa,Baja,-66.41700350970574,-22.459420672368722,72229.0,236939,90.7563025210084,0.0,0.0,0.3428571428571428,70.16877120458035,45.45469240950858,0.3556506784206674,41.98795483602233,42.67739040119298,100.0,1.4705882352941178,781.7194453397667,-0.36325439266615744
2021,86,7,Bosa,Baja,-64.71956170943255,2.4343749556302403,43041.0,140995,94.8955916473318,0.0,0.0,0.6285714285714286,73.14536755747912,51.86268066207548,0.3556506784206674,41.98795483602233,42.67739040119298,100.0,1.4705882352941178,465.17683114928485,-0.5549883990719258
2021,87,7,Bosa,Baja,-78.16626907582783,-6.495877410013539,37672.0,109406,87.22222222222221,0.0,0.0,0.8285714285714285,73.71252068983654,50.32253612993178,0.3556506784206674,41.98795483602233,42.67739040119298,100.0,1.4705882352941178,360.95702960189124,-0.4288888888888889
2021,44,8,Kennedy,Media,-22.06559593448726,-11.434926935681919,27459.0,79077,24.065420560747665,58.87850467289719,6.775700934579438,0.8857142857142857,78.68749834591497,61.623981682993154,0.3608040769172437,38.936357486044365,39.90001531319474,98.66666666666669,1.3333333333333333,363.65831463475445,-0.18457943925233644
2021,45,8,Kennedy,Media,-27.284861832006523,-23.12117529937842,29525.0,89671,29.79890310786105,62.888482632541134,0.0,0.5714285714285714,69.86479309668712,47.439756941254615,0.3608040769172437,38.936357486044365,39.90001531319474,98.66666666666669,1.3333333333333333,412.3778688065185,-0.21352833638025592
2021,46,8,Kennedy,Media,-28.343045607985307,3.0103494618895152,50926.0,141451,36.80430879712747,51.70556552962297,0.0,0.7714285714285715,81.098107499209,58.03904473245194,0.3608040769172437,38.936357486044365,39.90001531319474,98.66666666666669,1.3333333333333333,650.503082608099,-0.22477558348294435
2021,47,8,Kennedy,Media,-38.248055784417474,-12.184513101243258,32463.0,93778,0.0,86.48111332007953,0.0,0.9714285714285714,66.24843580544717,52.77505280884959,0.3608040769172437,38.936357486044365,39.90001531319474,98.66666666666669,1.3333333333333333,431.26508883516067,-0.12972166998011928
2021,48,8,Kennedy,Media,-42.29413528361358,-21.895607463593283,45368.0,140696,32.60619977037887,55.91274397244547,0.0,0.6571428571428571,74.82087166621648,55.19740993648533,0.3608040769172437,38.936357486044365,39.90001531319474,98.66666666666669,1.3333333333333333,647.0309980885897,-0.2142939150401837
2021,78,8,Kennedy,Baja,-35.911811283836144,13.977987540501635,10845.0,29761,57.142857142857146,8.16326530612245,0.0,0.9714285714285714,73.13184284306593,54.772991493014814,0.3608040769172437,38.936357486044365,39.90001531319474,98.66666666666669,1.3333333333333333,136.86451309287057,-0.29591836734693877
2021,79,8,Kennedy,Baja,-42.53329658964881,7.702045500242773,45381.0,130745,83.06451612903226,3.225806451612903,0.0,0.7714285714285715,72.82112966077318,61.63669483547722,0.3608040769172437,38.936357486044365,39.90001531319474,98.66666666666669,1.3333333333333333,601.2684642427124,-0.3370967741935484
2021,80,8,Kennedy,Baja,-42.273955229782345,-5.977751231059277,17795.0,56584,91.84782608695652,0.5434782608695652,0.0,0.7714285714285715,55.74611171705038,40.10378762635176,0.3608040769172437,38.936357486044365,39.90001531319474,98.66666666666669,1.3333333333333333,260.2177886780346,-0.36820652173913043
2021,81,8,Kennedy,Baja,-52.04975412330823,-13.581667111782979,19730.0,62666,91.12271540469972,0.2610966057441253,0.0,0.8285714285714285,66.20852647951097,44.402578420459264,0.3608040769172437,38.936357486044365,39.90001531319474,98.66666666666669,1.3333333333333333,288.1876139067178,-0.3648825065274151
2021,82,8,Kennedy,Baja,-48.62602468570228,1.843592198038629,43952.0,138944,90.084388185654,0.0,0.0,0.6857142857142857,65.53993024918347,49.047188232984766,0.3608040769172437,38.936357486044365,39.90001531319474,98.66666666666669,1.3333333333333333,638.9739224883508,-0.37774261603375525
2021,83,8,Kennedy,Baja,-54.5483415668318,-0.8831666093172195,9814.0,31145,84.61538461538461,0.0,0.0,0.9428571428571428,63.63195140312623,45.60996053240007,0.3608040769172437,38.936357486044365,39.90001531319474,98.66666666666669,1.3333333333333333,143.22923491406385,-0.3384615384615385
2021,113,8,Kennedy,Media,-17.795965597751394,-1.1224568653696527,15494.0,40320,0.0,70.16129032258065,8.870967741935484,1.0,81.098107499209,58.03904473245194,0.3608040769172437,38.936357486044365,39.90001531319474,98.66666666666669,1.3333333333333333,185.42310970412763,-0.10524193548387097
2021,75,9,Fontibón,Media,-29.087070742236296,28.542860929698993,44437.0,136660,4.444444444444445,88.88888888888889,0.1587301587301587,0.4571428571428572,68.81701547138886,52.179635506388976,0.3361631027578329,30.352187341783043,29.61704982593028,94.11764705882352,0.0,383.0336033664353,-0.1511111111111111
2021,76,9,Fontibón,Baja,-41.4147072770074,41.66439567193389,11260.0,34491,61.92307692307693,25.384615384615383,0.0,0.8,63.37252624275612,46.515358698987896,0.3361631027578329,30.352187341783043,29.61704982593028,94.11764705882352,0.0,96.6721206915829,-0.2857692307692308
2021,77,9,Fontibón,Baja,-41.951432050513105,27.879386292616836,20526.0,63044,69.04761904761905,3.571428571428571,0.0,0.7714285714285715,82.01168985510337,69.80228725936432,0.3361631027578329,30.352187341783043,29.61704982593028,94.11764705882352,0.0,176.70108656983422,-0.28154761904761905
2021,110,9,Fontibón,Alta,-5.239110764421833,12.599619088706095,18136.0,45643,0.0,5.681818181818182,63.63636363636363,1.0,81.31390114744809,70.45870228409093,0.3361631027578329,30.352187341783043,29.61704982593028,94.11764705882352,0.0,127.92918746124839,0.059659090909090905
2021,112,9,Fontibón,Baja,-15.87109482585142,11.024278620455103,19154.0,50364,9.826589595375722,4.046242774566474,23.69942196531792,0.7428571428571429,81.20952913275184,58.89130678795048,0.3361631027578329,30.352187341783043,29.61704982593028,94.11764705882352,0.0,141.16130835611844,-0.041329479768786134
2021,114,9,Fontibón,Alta,-13.169334799166148,20.769702004802724,15629.0,44325,0.0,14.285714285714285,73.17073170731707,1.0,85.32015350826416,68.0430975601345,0.3361631027578329,30.352187341783043,29.61704982593028,94.11764705882352,0.0,124.23506855859245,-0.021428571428571425
2021,115,9,Fontibón,Media,-16.678705232222566,30.149046509278318,6327.0,18161,0.0,53.333333333333336,8.333333333333332,0.9714285714285714,88.05021915741271,68.37331516239573,0.3361631027578329,30.352187341783043,29.61704982593028,94.11764705882352,0.0,50.902043544108224,-0.08
2021,117,9,Fontibón,Baja,-27.94548926486944,44.688284370763384,298.0,844,0.0,27.27272727272727,0.0,1.0,88.05021915741271,68.37331516239573,0.3361631027578329,30.352187341783043,29.61704982593028,94.11764705882352,0.0,2.3655814520801357,-0.0409090909090909
2021,26,10,Engativá,Media,10.276355493632146,31.910299054068357,35048.0,100981,0.0,90.0763358778626,1.3358778625954195,0.2,76.26813843806998,58.168878879795,0.2338602758501648,37.98822337252181,37.7285295134672,100.0,0.0,163.36073823854562,-0.1351145038167939
2021,29,10,Engativá,Media,4.781923918154401,51.6797912211429,36775.0,110623,26.086956521739133,51.17056856187291,0.0,0.4,78.22396672616874,51.97403057345479,0.2338602758501648,37.98822337252181,37.7285295134672,100.0,0.0,178.95896204397494,-0.19280936454849498
2021,30,10,Engativá,Media,0.7406477156995486,41.68295583306191,44586.0,128085,0.0,90.7936507936508,0.1587301587301587,0.4285714285714286,76.47369646396214,62.10476773492199,0.2338602758501648,37.98822337252181,37.7285295134672,100.0,0.0,207.20789215084145,-0.1361904761904762
2021,31,10,Engativá,Media,-2.6191364237914483,28.475365520905857,25197.0,67314,0.0,64.59948320413437,30.23255813953488,0.8285714285714285,82.68390449134027,65.99553017507957,0.2338602758501648,37.98822337252181,37.7285295134672,100.0,0.0,108.89637390983908,-0.09689922480620157
2021,72,10,Engativá,Media,-8.334441597042606,64.03490000927587,30728.0,83541,0.0,75.97402597402598,0.0,0.8571428571428572,70.29060580201613,55.81891871788736,0.2338602758501648,37.98822337252181,37.7285295134672,100.0,0.0,135.14739835401056,-0.11396103896103897
2021,73,10,Engativá,Media,-14.619765799082039,55.847881298624756,57672.0,167267,24.776785714285715,64.84375,1.5625,0.2,76.1985193283638,57.53739808949218,0.2338602758501648,37.98822337252181,37.7285295134672,100.0,0.0,270.5940781230807,-0.19637276785714286
2021,74,10,Engativá,Baja,-26.0698196884656,55.74719846122355,46923.0,141423,90.8062234794908,0.1414427157001414,0.0,0.2,69.9181790910935,47.69917350844221,0.2338602758501648,37.98822337252181,37.7285295134672,100.0,0.0,228.78527330794745,-0.36343705799151343
2021,105,10,Engativá,Baja,2.0353328681845837,18.155899234754035,1039.0,2802,7.6923076923076925,23.07692307692308,0.0,1.0,82.68390449134027,65.99553017507957,0.2338602758501648,37.98822337252181,37.7285295134672,100.0,0.0,4.532900135118536,-0.06538461538461539
2021,116,10,Engativá,Media,-9.33726500048923,34.84343875316049,4456.0,12064,4.819277108433735,53.01204819277109,2.409638554216868,0.8285714285714285,83.87653084361145,62.06944431398723,0.2338602758501648,37.98822337252181,37.7285295134672,100.0,0.0,19.51638373664169,-0.08674698795180723
2021,2,11,Suba,Baja,41.02039658095067,108.30741916799685,1659.0,4950,0.0,2.3255813953488373,23.25581395348837,1.0,72.20701072422837,57.76385279447567,0.3749554377749831,39.01482696369601,33.58415683278398,100.0,0.0,9.286645410185494,0.11976744186046512
2021,3,11,Suba,Baja,43.900633854069746,132.28368026026448,642.0,2572,0.0,6.0,42.0,1.0,72.20701072422837,57.76385279447567,0.3749554377749831,39.01482696369601,33.58415683278398,100.0,0.0,4.8253034333327465,0.237
2021,17,11,Suba,Alta,36.1552904175447,91.63862946599721,17897.0,50751,0.0,22.641509433962263,65.56603773584905,0.9714285714285714,72.20701072422837,57.76385279447567,0.3749554377749831,39.01482696369601,33.58415683278398,100.0,0.0,95.21344266915636,0.046226415094339626
2021,18,11,Suba,Media,35.34709269863864,80.56187953544625,34263.0,93332,2.5,78.75,10.625,0.9142857142857144,77.31607457950625,60.29390839123392,0.3749554377749831,39.01482696369601,33.58415683278398,100.0,0.0,175.09923018655203,-0.11875
2021,19,11,Suba,Media,35.33099698011065,63.2995185464543,38596.0,104197,2.0527859237536656,61.87683284457478,31.96480938416422,0.8,87.76963627596155,75.4893463224884,0.3749554377749831,39.01482696369601,33.58415683278398,100.0,0.0,195.48294783941375,-0.07316715542521995
2021,20,11,Suba,Alta,31.957765777074577,44.186562246911535,18255.0,42402,0.0,0.0,88.38174273858921,1.0,92.2041732620844,82.78548183287694,0.3749554377749831,39.01482696369601,33.58415683278398,100.0,0.0,79.5499674106435,0.43983402489626555
2021,23,11,Suba,Baja,25.959644221570343,77.92812170952558,21385.0,59907,30.17241379310345,7.758620689655173,46.55172413793103,1.0,82.0771028674586,73.17798121726564,0.3749554377749831,39.01482696369601,33.58415683278398,100.0,0.0,112.39092254302675,-0.0064655172413793215
2021,24,11,Suba,Alta,22.91261749996571,58.37575504719357,29927.0,82715,0.4608294930875576,18.66359447004608,73.50230414746544,0.9714285714285714,86.63856518436542,73.42940420949552,0.3749554377749831,39.01482696369601,33.58415683278398,100.0,0.0,155.18078284919056,0.2982718894009217
2021,25,11,Suba,Alta,18.274739337358625,45.216075566518896,16816.0,44926,0.0,16.666666666666664,74.50980392156862,0.9714285714285714,92.93162117268176,80.1433736870218,0.3749554377749831,39.01482696369601,33.58415683278398,100.0,0.0,84.28521852484718,0.05637254901960783
2021,27,11,Suba,Baja,12.48170160509646,82.53759537102732,63666.0,180217,50.83056478405316,31.22923588039867,10.132890365448503,0.7142857142857143,85.31235262712039,64.76873097724933,0.3749554377749831,39.01482696369601,33.58415683278398,100.0,0.0,338.10330826008067,-0.23654485049833887
2021,28,11,Suba,Baja,7.511673902006199,68.99391690203842,88948.0,287705,65.7856093979442,25.55066079295154,0.3671071953010279,0.6857142857142857,75.15676100961866,54.72520150108077,0.3749554377749831,39.01482696369601,33.58415683278398,100.0,0.0,539.7604682297814,-0.3052129221732746
2021,71,11,Suba,Baja,-7.2114755686706244,79.36322845145517,97078.0,295200,84.50046685340803,4.3884220354808585,0.0,0.2,75.31680536979212,54.44559434047566,0.3749554377749831,39.01482696369601,33.58415683278398,100.0,0.0,553.8217626437895,-0.3445845004668534
2021,21,12,Barrios Unidos,Alta,27.468073729139288,32.65973523402431,10420.0,30191,0.0,34.97757847533632,52.46636771300449,0.6,80.41321120980301,70.61201816059211,0.4979879700171731,42.15791796788533,34.428262295593406,100.0,0.0,143.47693292300988,0.001345291479820633
2021,22,12,Barrios Unidos,Media,18.7235467874251,24.714628497789768,25883.0,72231,0.0,63.25581395348837,26.97674418604652,0.4285714285714286,78.98008387147235,61.57161312967068,0.4979879700171731,42.15791796788533,34.428262295593406,100.0,0.0,343.26396416024403,-0.09488372093023255
2021,98,12,Barrios Unidos,Media,26.944165305610902,17.784912981463908,16269.0,43051,0.0,79.25233644859813,10.093457943925234,0.2857142857142857,71.92251681333613,50.77884863535045,0.4979879700171731,42.15791796788533,34.428262295593406,100.0,0.0,204.5916146953893,-0.11887850467289718
2021,103,12,Barrios Unidos,Media,14.21229559638227,16.803261797216255,512.0,1403,0.0,76.47058823529412,0.0,0.9428571428571428,78.98008387147235,61.57161312967068,0.4979879700171731,42.15791796788533,34.428262295593406,100.0,0.0,6.66748822135679,-0.11470588235294116
2021,100,13,Teusaquillo,Alta,23.565363950779815,3.8557134209371484,17005.0,38906,0.0,33.6996336996337,59.70695970695971,0.7142857142857143,79.98969638572802,64.94652997664521,0.6633339207279338,15.44212714962264,22.41497962005453,100.0,0.0,37.54354028794548,-0.05054945054945055
2021,101,13,Teusaquillo,Alta,22.69998067194829,-7.632317244604541,13638.0,29285,0.0,7.38255033557047,82.21476510067114,0.9714285714285714,84.24968726091629,64.10307294501042,0.6633339207279338,15.44212714962264,22.41497962005453,100.0,0.0,28.259460682991918,-0.011073825503355705
2021,104,13,Teusaquillo,Alta,9.82270173284458,6.953264778428711,1058.0,3368,0.0,0.0,60.86956521739131,1.0,88.4492919452778,73.73536807238531,0.6633339207279338,15.44212714962264,22.41497962005453,100.0,0.0,3.250055099208358,0.0
2021,106,13,Teusaquillo,Alta,13.492371721177673,7.351330899985041,14784.0,41449,0.0,0.0,88.95705521472392,1.0,88.4492919452778,73.73536807238531,0.6633339207279338,15.44212714962264,22.41497962005453,100.0,0.0,39.99748628476462,0.12883435582822084
2021,107,13,Teusaquillo,Alta,11.148032267134015,-5.594343444189677,11813.0,29288,0.0,10.967741935483872,80.0,0.8857142857142857,88.53145193641939,76.8057548108156,0.6633339207279338,15.44212714962264,22.41497962005453,100.0,0.0,28.262355625182423,-0.016451612903225808
2021,109,13,Teusaquillo,Baja,2.0845174155648176,3.6488699560317523,9334.0,25583,0.0,1.36986301369863,49.31506849315068,1.0,88.85942176915795,70.82791146252507,0.6633339207279338,15.44212714962264,22.41497962005453,100.0,0.0,24.687102019907194,0.03904109589041096
2021,37,14,Los Mártires,Media,6.570972857598681,-29.419014336935554,16416.0,44074,0.0,90.6060606060606,0.0,0.9142857142857144,67.48203891676579,53.216968121292105,0.1556112406337143,29.331591387661103,55.15082387145006,100.0,14.285714285714286,502.41380385011865,-0.13590909090909087
2021,102,14,Los Mártires,Media,14.884438746411664,-20.102544127407793,15932.0,39352,13.65979381443299,70.10309278350515,0.7731958762886598,0.5142857142857142,55.39672283455738,40.55286180531498,0.1556112406337143,29.331591387661103,55.15082387145006,100.0,14.285714285714286,448.5861961498813,-0.15979381443298968
2021,35,15,Antonio Nariño,Media,8.511974289699769,-40.30677476216185,8385.0,26268,15.66265060240964,75.90361445783132,0.0,0.8857142857142857,80.80694740507136,68.36074108410646,0.465646666219045,34.83537776548703,52.97075347343085,100.0,0.0,42.82079293439252,-0.17650602409638555
2021,38,15,Antonio Nariño,Media,-1.398664664249712,-35.10179454926789,18963.0,55933,0.0,87.75981524249423,0.23094688221709,0.5428571428571429,74.46747068845696,62.25739680349445,0.465646666219045,34.83537776548703,52.97075347343085,100.0,0.0,91.17920706560747,-0.13163972286374134
2021,40,16,Puente Aranda,Media,-5.733967766414086,-23.062791843858236,35765.0,102110,0.0,88.19672131147541,0.0,0.8857142857142857,83.81312566881827,64.0199728644823,0.3174190663479431,51.47269259344049,42.63143945150932,100.0,0.0,343.7694332726835,-0.13229508196721312
2021,41,16,Puente Aranda,Media,-16.15475609603105,-28.96259066161855,19181.0,59251,0.0,85.625,0.0,0.9428571428571428,85.44065388850419,61.14426533938219,0.3174190663479431,51.47269259344049,42.63143945150932,100.0,0.0,199.47784439173216,-0.12843749999999998
2021,43,16,Puente Aranda,Media,-9.42559724601529,-13.180212065021818,24210.0,73554,0.0,91.90600522193212,0.0,0.9142857142857144,84.12071653780167,72.79156957770807,0.3174190663479431,51.47269259344049,42.63143945150932,100.0,0.0,247.6311516495834,-0.13785900783289817
2021,108,16,Puente Aranda,Baja,5.491006201516527,-14.2934802873161,2289.0,6485,2.2522522522522523,30.180180180180184,0.0,0.8,63.120551115597415,50.9074404427709,0.3174190663479431,51.47269259344049,42.63143945150932,100.0,0.0,21.832776170535233,-0.05427927927927928
2021,111,16,Puente Aranda,Media,-3.0494527191645466,-3.5457477288910497,2064.0,11967,0.8264462809917356,55.371900826446286,0.8264462809917356,0.8571428571428572,63.120551115597415,50.9074404427709,0.3174190663479431,51.47269259344049,42.63143945150932,100.0,0.0,40.28879451546571,-0.08636363636363636
2021,94,17,La Candelaria,Baja,24.071217872048727,-30.747808060108994,8424.0,17877,42.62295081967213,26.229508196721312,0.0,0.9142857142857144,74.016551465833,54.830721201436575,0.6712410704745336,35.31957637115097,40.3460655332117,0.0,0.0,95.0,-0.21475409836065576
2021,36,18,Rafael Uribe Uribe,Media,0.20020119700425615,-47.606380656200926,16518.0,48638,3.076923076923077,85.0,0.0,0.8,84.00644261206945,54.51982911123658,0.603579286535181,43.656858833750434,49.09565379736238,100.0,0.0,149.09606729867696,-0.1398076923076923
2021,39,18,Rafael Uribe Uribe,Media,-10.178365894136174,-41.02092357833947,31030.0,92339,0.0,87.06293706293707,0.0,0.6857142857142857,72.50458404325771,42.17813264396177,0.603579286535181,43.656858833750434,49.09565379736238,100.0,0.0,283.05813886863217,-0.13059440559440558
2021,53,18,Rafael Uribe Uribe,Baja,-8.21630166842059,-50.34597256453475,14582.0,47422,70.4954954954955,22.97297297297297,0.0,0.8857142857142857,45.64872408233867,32.17696350528153,0.603579286535181,43.656858833750434,49.09565379736238,100.0,0.0,145.36851234503595,-0.3164414414414415
2021,54,18,Rafael Uribe Uribe,Baja,-8.22443013946448,-59.48068618351516,34109.0,120322,91.0162002945508,1.6200294550810015,0.0,0.8285714285714285,75.84473293104492,51.4595775378879,0.603579286535181,43.656858833750434,49.09565379736238,100.0,0.0,368.8378841545994,-0.4106774668630339
2021,55,18,Rafael Uribe Uribe,Baja,-3.001064184620045,-69.1229684285509,23563.0,75239,93.91447368421052,0.0,0.0,0.8,75.47347122689092,43.137651547299285,0.603579286535181,43.656858833750434,49.09565379736238,100.0,0.0,230.6393973330555,-0.4985197368421052
2021,63,19,Ciudad Bolívar,Baja,-18.793967090481893,-73.96063891450099,10.0,32,33.33333333333333,0.0,0.0,1.0,46.43424039362268,29.67827137432306,0.2942952836094109,48.92648021691982,53.34610774858197,100.0,1.9230769230769231,0.14692479355891308,-0.1333333333333333
2021,64,19,Ciudad Bolívar,Baja,-20.833746542610072,-102.36401419228564,1952.0,6264,86.51685393258427,0.0,0.0,1.0,46.43424039362268,29.67827137432306,0.2942952836094109,48.92648021691982,53.34610774858197,100.0,1.9230769230769231,28.760528339157233,-0.6022471910112358
2021,65,19,Ciudad Bolívar,Baja,-35.64356330625946,-40.64571880107978,28650.0,82911,61.3013698630137,30.136986301369863,0.0,0.5428571428571429,81.29706931525732,58.01416649883968,0.2942952836094109,48.92648021691982,53.34610774858197,100.0,1.9230769230769231,380.6775487113451,-0.2904109589041096
2021,66,19,Ciudad Bolívar,Baja,-31.80127197707072,-54.66986448683388,23397.0,71133,92.79835390946502,0.0,0.0,0.7714285714285715,65.40070295580384,35.61601947628947,0.2942952836094109,48.92648021691982,53.34610774858197,100.0,1.9230769230769231,326.6000418820676,-0.42427983539094655
2021,67,19,Ciudad Bolívar,Baja,-33.245768368044715,-65.19591360602527,53315.0,161414,94.16562107904642,0.0,0.0,0.7428571428571429,50.70915088991646,30.514931570166198,0.2942952836094109,48.92648021691982,53.34610774858197,100.0,1.9230769230769231,741.1162071099499,-0.6149309912170638
2021,68,19,Ciudad Bolívar,Baja,-27.546100032588,-73.62061759502083,17422.0,53173,93.09734513274336,0.0,0.0,0.9142857142857144,46.43424039362268,29.67827137432306,0.2942952836094109,48.92648021691982,53.34610774858197,100.0,1.9230769230769231,244.13850149712766,-0.6368141592920354
2021,69,19,Ciudad Bolívar,Baja,-49.06636950554404,-39.05236598133497,51756.0,164019,78.00859598853867,0.8595988538681949,0.0,0.9428571428571428,64.6752521165627,54.88213851165708,0.2942952836094109,48.92648021691982,53.34610774858197,100.0,1.9230769230769231,753.076803585605,-0.4835243553008596
2021,70,19,Ciudad Bolívar,Baja,-44.886535573196596,-53.554827333172625,27959.0,100946,87.97687861271677,0.0,0.0,0.8285714285714285,71.46859080726537,49.67462509485674,0.2942952836094109,48.92648021691982,53.34610774858197,100.0,1.9230769230769231,463.48344408118874,-0.6002312138728323
2022,1,1,Usaquén,Baja,52.42173470293715,112.91898919423654,913.0,2668,42.30769230769231,0.0,30.76923076923077,0.972972972972973,80.37325568082107,66.5875430601905,0.4232267310550924,18.20432710064477,36.40700859514727,100.0,0.0,3.419951455891372,0.015384615384615385
2022,9,1,Usaquén,Baja,52.764220486745856,92.19188625768138,43594.0,130135,53.61702127659575,34.46808510638298,4.25531914893617,0.8648648648648649,76.72312747727439,57.78373182330883,0.4232267310550924,18.20432710064477,36.40700859514727,100.0,0.0,166.81236233599088,-0.2714893617021277
2022,10,1,Usaquén,Media,54.47452333031145,83.18216943219227,13952.0,36200,18.421052631578945,32.89473684210527,21.052631578947366,0.945945945945946,80.37325568082107,66.5875430601905,0.4232267310550924,18.20432710064477,36.40700859514727,100.0,0.0,46.40263969387843,-0.12697368421052632
2022,11,1,Usaquén,Media,60.22809492236857,72.22755850641367,23037.0,72208,32.345013477088955,58.7601078167116,0.8086253369272238,0.7837837837837838,68.84995199602827,47.08741035989184,0.4232267310550924,18.20432710064477,36.40700859514727,100.0,0.0,92.55916593965674,-0.28409703504043127
2022,12,1,Usaquén,Media,48.21205986028848,76.53288821628783,22627.0,62443,3.1390134529147984,54.7085201793722,31.390134529147986,0.8918918918918919,84.14458187983718,66.83154597045804,0.4232267310550924,18.20432710064477,36.40700859514727,100.0,0.0,80.04198979018925,-0.09461883408071749
2022,13,1,Usaquén,Alta,50.62516421196206,63.011415461964596,59241.0,133253,1.7811704834605595,0.0,86.76844783715013,0.972972972972973,85.28059921158618,72.47684889383278,0.4232267310550924,18.20432710064477,36.40700859514727,100.0,0.0,170.80914218586693,0.16132315521628499
2022,14,1,Usaquén,Alta,54.12597989024129,40.421401092850914,17081.0,42683,12.5,11.585365853658535,63.41463414634147,0.972972972972973,93.517473005241,76.2875806532837,0.4232267310550924,18.20432710064477,36.40700859514727,100.0,0.0,54.71281408988435,0.23201219512195123
2022,15,1,Usaquén,Alta,45.25664624761402,53.15777892932296,9872.0,25864,0.0,0.0,89.39393939393939,1.0,89.05316456072492,72.1769566448582,0.4232267310550924,18.20432710064477,36.40700859514727,100.0,0.0,33.15353240448817,0.49242424242424243
2022,16,1,Usaquén,Alta,43.52027626661661,42.57031353965014,34485.0,73401,0.0,0.0,85.91549295774648,1.0,89.05316456072492,72.1769566448582,0.4232267310550924,18.20432710064477,36.40700859514727,100.0,0.0,94.08840210415389,0.4980281690140845
2022,88,2,Chapinero,Alta,42.86125281112812,20.414750484228133,17075.0,40933,0.0,0.0,90.04739336492891,1.0,85.8142985449947,65.45782951001642,0.5941833795463254,10.359824379573334,24.95064368350129,100.0,0.0,68.60357545975897,0.5350710900473933
2022,89,2,Chapinero,Baja,62.98261504716317,21.697107852412543,5824.0,17516,95.1923076923077,0.0,1.9230769230769231,0.972972972972973,59.68617809230392,42.4947150948463,0.5941833795463254,10.359824379573334,24.95064368350129,100.0,0.0,29.35675928353989,-0.37115384615384617
2022,90,2,Chapinero,Alta,35.53628695310171,1.914128000999335,23334.0,52835,44.63087248322148,0.3355704697986577,44.29530201342281,0.8648648648648649,81.69129402997835,62.793365172161785,0.5941833795463254,10.359824379573334,24.95064368350129,100.0,0.0,88.55128892131937,-0.21795302013422818
2022,97,2,Chapinero,Alta,37.27444853794916,24.467198521036966,17947.0,38025,0.0,1.2232415902140672,85.3211009174312,0.9189189189189187,85.8142985449947,65.45782951001642,0.5941833795463254,10.359824379573334,24.95064368350129,100.0,0.0,63.72977687580522,0.4073394495412844
2022,99,2,Chapinero,Alta,30.16765997600664,0.13382274756130452,14203.0,26109,0.0,36.95652173913043,45.65217391304348,0.8108108108108107,81.69129402997835,62.793365172161785,0.5941833795463254,10.359824379573334,24.95064368350129,100.0,0.0,43.75859945957656,-0.055434782608695644
2022,91,3,Santa Fe,Media,28.603542569557515,-13.614949310593461,6215.0,11132,0.0,50.0,24.285714285714285,0.9189189189189187,74.8513423318018,59.8240262549234,0.5498071820283936,34.4730057640131,48.787305442163415,100.0,0.0,144.67181503410873,-0.075
2022,92,3,Santa Fe,Baja,29.576666137665356,-20.499029141250844,5594.0,12272,53.84615384615384,15.384615384615383,17.094017094017094,0.945945945945946,69.59290911730199,57.43541525110545,0.5498071820283936,34.4730057640131,48.787305442163415,100.0,0.0,159.48729016336526,-0.2717948717948718
2022,93,3,Santa Fe,Media,22.523177675371212,-24.57460689265902,9252.0,17170,6.015037593984962,69.92481203007519,0.0,0.8108108108108107,74.8513423318018,59.8240262549234,0.5498071820283936,34.4730057640131,48.787305442163415,100.0,0.0,223.1418490959079,-0.12894736842105264
2022,95,3,Santa Fe,Baja,16.6040490375661,-35.37065114263601,8899.0,20821,91.66666666666666,0.0,0.0,0.7297297297297297,43.99256712900596,32.24875405124618,0.5498071820283936,34.4730057640131,48.787305442163415,100.0,0.0,270.59035760197423,-0.36666666666666664
2022,96,3,Santa Fe,Baja,24.944099532943994,-39.01794449687237,13784.0,45176,95.58823529411764,0.0,0.0,0.8648648648648649,61.77935560197444,48.332706133352325,0.5498071820283936,34.4730057640131,48.787305442163415,100.0,0.0,587.1086881046439,-0.41676470588235304
2022,32,4,San Cristóbal,Baja,17.25829512080333,-56.061642679129726,32695.0,104153,89.98302207130729,0.0,0.0,0.8918918918918919,67.65753957583333,46.62789509040049,0.2714444967767144,50.85949969229312,50.30768175888187,100.0,0.0,250.8311740439291,-0.400169779286927
2022,33,4,San Cristóbal,Media,14.121732033096874,-44.40549436839297,14510.0,44223,15.677966101694915,73.72881355932203,0.0,0.8918918918918919,79.42100242605466,55.39373114139244,0.2714444967767144,50.85949969229312,50.30768175888187,100.0,0.0,106.50204036124428,-0.17330508474576273
2022,34,4,San Cristóbal,Baja,7.237475366954071,-53.98737162980484,25479.0,80655,69.07020872865274,20.683111954459203,0.0,0.9189189189189187,71.08358111157993,37.8206204445353,0.2714444967767144,50.85949969229312,50.30768175888187,100.0,0.0,194.24105251421562,-0.3073055028462998
2022,50,4,San Cristóbal,Baja,11.446031147864026,-67.54763211551122,28045.0,96400,89.1156462585034,0.0,0.0,0.5135135135135135,63.72089261344356,40.32089234732478,0.2714444967767144,50.85949969229312,50.30768175888187,100.0,0.0,232.15966105474413,-0.36802721088435375
2022,51,4,San Cristóbal,Baja,10.46051936704976,-77.99977289742324,23625.0,78174,91.11111111111111,0.0,0.0,0.8378378378378378,66.97255738040057,42.40208875052701,0.2714444967767144,50.85949969229312,50.30768175888187,100.0,0.0,188.26607202586686,-0.40634920634920646
2022,52,5,Usme,Baja,11.501373570494664,-97.04842127098003,6431.0,19840,95.78947368421052,0.0,0.0,1.0,55.95423569595468,33.43092149728123,0.5152892734203515,63.309847171059154,55.47471169257355,100.0,0.0,47.76490875272795,-0.6705263157894736
2022,56,5,Usme,Baja,-8.455586104625835,-75.89456532322569,18518.0,57201,95.27272727272728,0.0,0.0,1.0,47.458686928251126,27.31307766370284,0.5152892734203515,63.309847171059154,55.47471169257355,100.0,0.0,137.7117210466125,-0.5927272727272727
2022,57,5,Usme,Baja,-4.686912363774609,-90.27335007646587,42497.0,132517,90.82926829268294,0.0,0.0,0.7567567567567568,76.10336606240905,50.34189279865453,0.5152892734203515,63.309847171059154,55.47471169257355,100.0,0.0,319.03540389038557,-0.44087804878048786
2022,58,5,Usme,Baja,-9.617814255879106,-100.06684893226095,31794.0,99803,88.57808857808857,0.0,0.0,0.9189189189189187,62.046773748264606,40.86220728004851,0.5152892734203515,63.309847171059154,55.47471169257355,100.0,0.0,240.27626956897723,-0.5060606060606061
2022,59,5,Usme,Baja,1.481700157551871,-106.41919983196306,17310.0,52924,90.24896265560167,0.0,0.0,1.0,61.98964077990875,40.1041430090295,0.5152892734203515,63.309847171059154,55.47471169257355,100.0,0.0,127.41482010228701,-0.6311203319502074
2022,60,5,Usme,Baja,2.5562428536561006,-80.06569760132426,305.0,1146,76.92307692307692,0.0,0.0,1.0,47.458686928251126,27.31307766370284,0.5152892734203515,63.309847171059154,55.47471169257355,100.0,0.0,2.7590012817855962,-0.5153846153846153
2022,61,5,Usme,Baja,-4.945789287804316,-116.99343949676569,9855.0,27430,58.3596214511041,0.0,0.0,0.972972972972973,61.98964077990875,40.1041430090295,0.5152892734203515,63.309847171059154,55.47471169257355,100.0,0.0,66.03787535722418,-0.34700315457413244
2022,42,6,Tunjuelito,Baja,-25.752531440005793,-40.83125965745809,49169.0,140278,55.70247933884298,35.70247933884298,0.0,0.8108108108108107,76.40315995008112,60.79484066968382,0.2730772240795397,33.607446811745525,49.68061339894025,0.0,0.0,471.5200908109061,-0.27636363636363637
2022,62,6,Tunjuelito,Baja,-18.065510935174146,-58.87941860922457,11776.0,41198,85.77405857740587,4.602510460251046,0.0,0.8108108108108107,50.542639718825214,30.68008554640913,0.2730772240795397,33.607446811745525,49.68061339894025,0.0,0.0,138.47990918909386,-0.3525104602510461
2022,49,7,Bosa,Baja,-44.730258201838005,-28.01301242834345,10945.0,36136,56.16438356164384,35.15981735159817,0.0,0.945945945945946,76.16539097092507,55.13661598388408,0.3556506784206674,41.98795483602233,42.67739040119298,100.0,1.4705882352941178,118.66334936451267,-0.2773972602739726
2022,84,7,Bosa,Baja,-63.062688815856816,-10.657978569459326,60465.0,199180,96.58119658119658,0.0,0.0,0.5945945945945945,77.96385990316645,56.13099776495108,0.3556506784206674,41.98795483602233,42.67739040119298,100.0,1.4705882352941178,654.0670225377361,-0.3973504273504274
2022,85,7,Bosa,Baja,-66.41700350970574,-22.459420672368722,72975.0,236848,90.7563025210084,0.0,0.0,0.3783783783783784,70.16877120458035,45.45469240950858,0.3556506784206674,41.98795483602233,42.67739040119298,100.0,1.4705882352941178,777.7611514912027,-0.36325439266615744
2022,86,7,Bosa,Baja,-64.71956170943255,2.4343749556302403,45179.0,142453,94.8955916473318,0.0,0.0,0.6486486486486487,73.14536755747912,51.86268066207548,0.3556506784206674,41.98795483602233,42.67739040119298,100.0,1.4705882352941178,467.7869744028925,-0.5549883990719258
2022,87,7,Bosa,Baja,-78.16626907582783,-6.495877410013539,40915.0,111676,87.22222222222221,0.0,0.0,0.8378378378378378,73.71252068983654,50.32253612993178,0.3556506784206674,41.98795483602233,42.67739040119298,100.0,1.4705882352941178,366.7215022036561,-0.4288888888888889
2022,44,8,Kennedy,Media,-22.06559593448726,-11.434926935681919,27873.0,78631,24.065420560747665,58.87850467289719,6.775700934579438,0.8918918918918919,78.68749834591497,61.623981682993154,0.3608040769172437,38.936357486044365,39.90001531319474,98.66666666666669,1.3333333333333333,361.79779714258916,-0.18457943925233644
2022,45,8,Kennedy,Media,-27.284861832006523,-23.12117529937842,29752.0,89178,29.79890310786105,62.888482632541134,0.0,0.5945945945945945,69.86479309668712,47.439756941254615,0.3608040769172437,38.936357486044365,39.90001531319474,98.66666666666669,1.3333333333333333,410.3267662064812,-0.21352833638025592
2022,46,8,Kennedy,Media,-28.343045607985307,3.0103494618895152,52584.0,141432,36.80430879712747,51.70556552962297,0.0,0.7837837837837838,81.098107499209,58.03904473245194,0.3608040769172437,38.936357486044365,39.90001531319474,98.66666666666669,1.3333333333333333,650.7584291878608,-0.22477558348294435
2022,47,8,Kennedy,Media,-38.248055784417474,-12.184513101243258,32756.0,93255,0.0,86.48111332007953,0.0,0.972972972972973,66.24843580544717,52.77505280884959,0.3608040769172437,38.936357486044365,39.90001531319474,98.66666666666669,1.3333333333333333,429.0859021573191,-0.12972166998011928
2022,48,8,Kennedy,Media,-42.29413528361358,-21.895607463593283,46153.0,139924,32.60619977037887,55.91274397244547,0.0,0.6756756756756757,74.82087166621648,55.19740993648533,0.3608040769172437,38.936357486044365,39.90001531319474,98.66666666666669,1.3333333333333333,643.8198034792848,-0.2142939150401837
2022,78,8,Kennedy,Baja,-35.911811283836144,13.977987540501635,11504.0,30128,57.142857142857146,8.16326530612245,0.0,0.972972972972973,73.13184284306593,54.772991493014814,0.3608040769172437,38.936357486044365,39.90001531319474,98.66666666666669,1.3333333333333333,138.62527542968965,-0.29591836734693877
2022,79,8,Kennedy,Baja,-42.53329658964881,7.702045500242773,48141.0,132640,83.06451612903226,3.225806451612903,0.0,0.7837837837837838,72.82112966077318,61.63669483547722,0.3608040769172437,38.936357486044365,39.90001531319474,98.66666666666669,1.3333333333333333,610.3045848710182,-0.3370967741935484
2022,80,8,Kennedy,Baja,-42.273955229782345,-5.977751231059277,18013.0,56274,91.84782608695652,0.5434782608695652,0.0,0.7837837837837838,55.74611171705038,40.10378762635176,0.3608040769172437,38.936357486044365,39.90001531319474,98.66666666666669,1.3333333333333333,258.92852992333894,-0.36820652173913043
2022,81,8,Kennedy,Baja,-52.04975412330823,-13.581667111782979,19920.0,62322,91.12271540469972,0.2610966057441253,0.0,0.8108108108108107,66.20852647951097,44.402578420459264,0.3608040769172437,38.936357486044365,39.90001531319474,98.66666666666669,1.3333333333333333,286.75665212855546,-0.3648825065274151
2022,82,8,Kennedy,Baja,-48.62602468570228,1.843592198038629,44355.0,138192,90.084388185654,0.0,0.0,0.7027027027027026,65.53993024918347,49.047188232984766,0.3608040769172437,38.936357486044365,39.90001531319474,98.66666666666669,1.3333333333333333,635.8505065779233,-0.37774261603375525
2022,83,8,Kennedy,Baja,-54.5483415668318,-0.8831666093172195,10459.0,31598,84.61538461538461,0.0,0.0,0.945945945945946,63.63195140312623,45.60996053240007,0.3608040769172437,38.936357486044365,39.90001531319474,98.66666666666669,1.3333333333333333,145.38905513234644,-0.3384615384615385
2022,113,8,Kennedy,Media,-17.795965597751394,-1.1224568653696527,16309.0,40719,0.0,70.16129032258065,8.870967741935484,1.0,81.098107499209,58.03904473245194,0.3608040769172437,38.936357486044365,39.90001531319474,98.66666666666669,1.3333333333333333,187.3566977635931,-0.10524193548387097
2022,75,9,Fontibón,Media,-29.087070742236296,28.542860929698993,44697.0,137938,4.444444444444445,88.88888888888889,0.1587301587301587,0.4864864864864865,68.81701547138886,52.179635506388976,0.3361631027578329,30.352187341783043,29.61704982593028,94.11764705882352,0.0,381.2982156282893,-0.1511111111111111
2022,76,9,Fontibón,Baja,-41.4147072770074,41.66439567193389,11432.0,34814,61.92307692307693,25.384615384615383,0.0,0.8108108108108107,63.37252624275612,46.515358698987896,0.3361631027578329,30.352187341783043,29.61704982593028,94.11764705882352,0.0,96.23538168512856,-0.2857692307692308
2022,77,9,Fontibón,Baja,-41.951432050513105,27.879386292616836,21366.0,64309,69.04761904761905,3.571428571428571,0.0,0.7837837837837838,82.01168985510337,69.80228725936432,0.3361631027578329,30.352187341783043,29.61704982593028,94.11764705882352,0.0,177.7675981153827,-0.28154761904761905
2022,110,9,Fontibón,Alta,-5.239110764421833,12.599619088706095,18547.0,46162,0.0,5.681818181818182,63.63636363636363,1.0,81.31390114744809,70.45870228409093,0.3361631027578329,30.352187341783043,29.61704982593028,94.11764705882352,0.0,127.60434564683474,0.059659090909090905
2022,112,9,Fontibón,Baja,-15.87109482585142,11.024278620455103,20285.0,51855,9.826589595375722,4.046242774566474,23.69942196531792,0.7567567567567568,81.20952913275184,58.89130678795048,0.3361631027578329,30.352187341783043,29.61704982593028,94.11764705882352,0.0,143.3413488045712,-0.041329479768786134
2022,114,9,Fontibón,Alta,-13.169334799166148,20.769702004802724,15869.0,44745,0.0,14.285714285714285,73.17073170731707,1.0,85.32015350826416,68.0430975601345,0.3361631027578329,30.352187341783043,29.61704982593028,94.11764705882352,0.0,123.68737156032279,-0.021428571428571425
2022,115,9,Fontibón,Media,-16.678705232222566,30.149046509278318,6436.0,18330,0.0,53.333333333333336,8.333333333333332,0.972972972972973,88.05021915741271,68.37331516239573,0.3361631027578329,30.352187341783043,29.61704982593028,94.11764705882352,0.0,50.66911433010877,-0.08
2022,117,9,Fontibón,Baja,-27.94548926486944,44.688284370763384,311.0,867,0.0,27.27272727272727,0.0,1.0,88.05021915741271,68.37331516239573,0.3361631027578329,30.352187341783043,29.61704982593028,94.11764705882352,0.0,2.3966242293619366,-0.0409090909090909
2022,26,10,Engativá,Media,10.276355493632146,31.910299054068357,35589.0,100848,0.0,90.0763358778626,1.3358778625954195,0.2,76.26813843806998,58.168878879795,0.2338602758501648,37.98822337252181,37.7285295134672,100.0,0.0,162.9130463581033,-0.1351145038167939
2022,29,10,Engativá,Media,4.781923918154401,51.6797912211429,36873.0,110485,26.086956521739133,51.17056856187291,0.0,0.4324324324324324,78.22396672616874,51.97403057345479,0.2338602758501648,37.98822337252181,37.7285295134672,100.0,0.0,178.4809607218293,-0.19280936454849498
2022,30,10,Engativá,Media,0.7406477156995486,41.68295583306191,45546.0,128093,0.0,90.7936507936508,0.1587301587301587,0.5135135135135135,76.47369646396214,62.10476773492199,0.2338602758501648,37.98822337252181,37.7285295134672,100.0,0.0,206.92548039771262,-0.1361904761904762
2022,31,10,Engativá,Media,-2.6191364237914483,28.475365520905857,25762.0,67328,0.0,64.59948320413437,30.23255813953488,0.7567567567567568,82.68390449134027,65.99553017507957,0.2338602758501648,37.98822337252181,37.7285295134672,100.0,0.0,108.7637790060128,-0.09689922480620157
2022,72,10,Engativá,Media,-8.334441597042606,64.03490000927587,31428.0,83628,0.0,75.97402597402598,0.0,0.8918918918918919,70.29060580201613,55.81891871788736,0.2338602758501648,37.98822337252181,37.7285295134672,100.0,0.0,135.09531414441003,-0.11396103896103897
2022,73,10,Engativá,Media,-14.619765799082039,55.847881298624756,59488.0,167954,24.776785714285715,64.84375,1.5625,0.2,76.1985193283638,57.53739808949218,0.2338602758501648,37.98822337252181,37.7285295134672,100.0,0.0,271.31819954812073,-0.19637276785714286
2022,74,10,Engativá,Baja,-26.0698196884656,55.74719846122355,48334.0,142004,90.8062234794908,0.1414427157001414,0.0,0.2162162162162162,69.9181790910935,47.69917350844221,0.2338602758501648,37.98822337252181,37.7285295134672,100.0,0.0,229.39774943515093,-0.36343705799151343
2022,105,10,Engativá,Baja,2.0353328681845837,18.155899234754035,1138.0,2855,7.6923076923076925,23.07692307692308,0.0,1.0,82.68390449134027,65.99553017507957,0.2338602758501648,37.98822337252181,37.7285295134672,100.0,0.0,4.612057228228472,-0.06538461538461539
2022,116,10,Engativá,Media,-9.33726500048923,34.84343875316049,4563.0,12067,4.819277108433735,53.01204819277109,2.409638554216868,0.8378378378378378,83.87653084361145,62.06944431398723,0.2338602758501648,37.98822337252181,37.7285295134672,100.0,0.0,19.49341316043186,-0.08674698795180723
2022,2,11,Suba,Baja,41.02039658095067,108.30741916799685,1867.0,5112,0.0,2.3255813953488373,23.25581395348837,0.972972972972973,72.20701072422837,57.76385279447567,0.3749554377749831,39.01482696369601,33.58415683278398,100.0,0.0,9.432291383656565,0.11976744186046512
2022,3,11,Suba,Baja,43.900633854069746,132.28368026026448,658.0,2639,0.0,6.0,42.0,1.0,72.20701072422837,57.76385279447567,0.3749554377749831,39.01482696369601,33.58415683278398,100.0,0.0,4.8692912678931295,0.237
2022,17,11,Suba,Alta,36.1552904175447,91.63862946599721,17960.0,51427,0.0,22.641509433962263,65.56603773584905,0.972972972972973,72.20701072422837,57.76385279447567,0.3749554377749831,39.01482696369601,33.58415683278398,100.0,0.0,94.88936795526334,0.046226415094339626
2022,18,11,Suba,Media,35.34709269863864,80.56187953544625,35342.0,95524,2.5,78.75,10.625,0.945945945945946,77.31607457950625,60.29390839123392,0.3749554377749831,39.01482696369601,33.58415683278398,100.0,0.0,176.25395190383603,-0.11875
2022,19,11,Suba,Media,35.33099698011065,63.2995185464543,38892.0,105550,2.0527859237536656,61.87683284457478,31.96480938416422,0.8378378378378378,87.76963627596155,75.4893463224884,0.3749554377749831,39.01482696369601,33.58415683278398,100.0,0.0,194.7531994415005,-0.07316715542521995
2022,20,11,Suba,Alta,31.957765777074577,44.186562246911535,18310.0,42971,0.0,0.0,88.38174273858921,1.0,92.2041732620844,82.78548183287694,0.3749554377749831,39.01482696369601,33.58415683278398,100.0,0.0,79.28697047087368,0.43983402489626555
2022,23,11,Suba,Baja,25.959644221570343,77.92812170952558,22144.0,61345,30.17241379310345,7.758620689655173,46.55172413793103,1.0,82.0771028674586,73.17798121726564,0.3749554377749831,39.01482696369601,33.58415683278398,100.0,0.0,113.18934173130125,-0.0064655172413793215
2022,24,11,Suba,Alta,22.91261749996571,58.37575504719357,30251.0,83808,0.4608294930875576,18.66359447004608,73.50230414746544,1.0,86.63856518436542,73.42940420949552,0.3749554377749831,39.01482696369601,33.58415683278398,100.0,0.0,154.63643902220062,0.2982718894009217
2022,25,11,Suba,Alta,18.274739337358625,45.216075566518896,17310.0,45760,0.0,16.666666666666664,74.50980392156862,0.972972972972973,92.93162117268176,80.1433736870218,0.3749554377749831,39.01482696369601,33.58415683278398,100.0,0.0,84.43303085213701,0.05637254901960783
2022,27,11,Suba,Baja,12.48170160509646,82.53759537102732,66444.0,183548,50.83056478405316,31.22923588039867,10.132890365448503,0.8918918918918919,85.31235262712039,64.76873097724933,0.3749554377749831,39.01482696369601,33.58415683278398,100.0,0.0,338.66944813916183,-0.23654485049833887
2022,28,11,Suba,Baja,7.511673902006199,68.99391690203842,89623.0,291464,65.7856093979442,25.55066079295154,0.3671071953010279,0.7027027027027026,75.15676100961866,54.72520150108077,0.3749554377749831,39.01482696369601,33.58415683278398,100.0,0.0,537.7882190622216,-0.3052129221732746
2022,71,11,Suba,Baja,-7.2114755686706244,79.36322845145517,101233.0,300683,84.50046685340803,4.3884220354808585,0.0,0.2,75.31680536979212,54.44559434047566,0.3749554377749831,39.01482696369601,33.58415683278398,100.0,0.0,554.7984487699545,-0.3445845004668534
2022,21,12,Barrios Unidos,Alta,27.468073729139288,32.65973523402431,10654.0,30881,0.0,34.97757847533632,52.46636771300449,0.6486486486486487,80.41321120980301,70.61201816059211,0.4979879700171731,42.15791796788533,34.428262295593406,100.0,0.0,143.555074558278,0.001345291479820633
2022,22,12,Barrios Unidos,Media,18.7235467874251,24.714628497789768,26527.0,73982,0.0,63.25581395348837,26.97674418604652,0.4324324324324324,78.98008387147235,61.57161312967068,0.4979879700171731,42.15791796788533,34.428262295593406,100.0,0.0,343.9166971914939,-0.09488372093023255
2022,98,12,Barrios Unidos,Media,26.944165305610902,17.784912981463908,16326.0,43864,0.0,79.25233644859813,10.093457943925234,0.3243243243243243,71.92251681333613,50.77884863535045,0.4979879700171731,42.15791796788533,34.428262295593406,100.0,0.0,203.90854539763305,-0.11887850467289718
2022,103,12,Barrios Unidos,Media,14.21229559638227,16.803261797216255,512.0,1424,0.0,76.47058823529412,0.0,0.945945945945946,78.98008387147235,61.57161312967068,0.4979879700171731,42.15791796788533,34.428262295593406,100.0,0.0,6.619682852595055,-0.11470588235294116
2022,100,13,Teusaquillo,Alta,23.565363950779815,3.8557134209371484,17396.0,38779,0.0,33.6996336996337,59.70695970695971,0.7567567567567568,79.98969638572802,64.94652997664521,0.6633339207279338,15.44212714962264,22.41497962005453,100.0,0.0,37.470538062830656,-0.05054945054945055
2022,101,13,Teusaquillo,Alta,22.69998067194829,-7.632317244604541,13902.0,29162,0.0,7.38255033557047,82.21476510067114,0.972972972972973,84.24968726091629,64.10307294501042,0.6633339207279338,15.44212714962264,22.41497962005453,100.0,0.0,28.178030144879127,-0.011073825503355705
2022,104,13,Teusaquillo,Alta,9.82270173284458,6.953264778428711,1079.0,3358,0.0,0.0,60.86956521739131,1.0,88.4492919452778,73.73536807238531,0.6633339207279338,15.44212714962264,22.41497962005453,100.0,0.0,3.244696016271316,0.0
2022,106,13,Teusaquillo,Alta,13.492371721177673,7.351330899985041,15164.0,41410,0.0,0.0,88.95705521472392,1.0,88.4492919452778,73.73536807238531,0.6633339207279338,15.44212714962264,22.41497962005453,100.0,0.0,40.01276415538868,0.12883435582822084
2022,107,13,Teusaquillo,Alta,11.148032267134015,-5.594343444189677,12055.0,29189,0.0,10.967741935483872,80.0,0.8918918918918919,88.53145193641939,76.8057548108156,0.6633339207279338,15.44212714962264,22.41497962005453,100.0,0.0,28.20411912416422,-0.016451612903225808
2022,109,13,Teusaquillo,Baja,2.0845174155648176,3.6488699560317523,9711.0,25759,0.0,1.36986301369863,49.31506849315068,1.0,88.85942176915795,70.82791146252507,0.6633339207279338,15.44212714962264,22.41497962005453,100.0,0.0,24.889852496466,0.03904109589041096
2022,37,14,Los Mártires,Media,6.570972857598681,-29.419014336935554,16782.0,44044,0.0,90.6060606060606,0.0,0.9189189189189187,67.48203891676579,53.216968121292105,0.1556112406337143,29.331591387661103,55.15082387145006,100.0,14.285714285714286,503.78682254456237,-0.13590909090909087
2022,102,14,Los Mártires,Media,14.884438746411664,-20.102544127407793,16071.0,39098,13.65979381443299,70.10309278350515,0.7731958762886598,0.5135135135135135,55.39672283455738,40.55286180531498,0.1556112406337143,29.331591387661103,55.15082387145006,100.0,14.285714285714286,447.2131774554377,-0.15979381443298968
2022,35,15,Antonio Nariño,Media,8.511974289699769,-40.30677476216185,8536.0,26591,15.66265060240964,75.90361445783132,0.0,0.9189189189189187,80.80694740507136,68.36074108410646,0.465646666219045,34.83537776548703,52.97075347343085,100.0,0.0,42.951782829865714,-0.17650602409638555
2022,38,15,Antonio Nariño,Media,-1.398664664249712,-35.10179454926789,19160.0,56367,0.0,87.75981524249423,0.23094688221709,0.5675675675675675,74.46747068845696,62.25739680349445,0.465646666219045,34.83537776548703,52.97075347343085,100.0,0.0,91.04821717013428,-0.13163972286374134
2022,40,16,Puente Aranda,Media,-5.733967766414086,-23.062791843858236,36427.0,102749,0.0,88.19672131147541,0.0,0.8918918918918919,83.81312566881827,64.0199728644823,0.3174190663479431,51.47269259344049,42.63143945150932,100.0,0.0,343.5397710124136,-0.13229508196721312
2022,41,16,Puente Aranda,Media,-16.15475609603105,-28.96259066161855,19548.0,59644,0.0,85.625,0.0,0.945945945945946,85.44065388850419,61.14426533938219,0.3174190663479431,51.47269259344049,42.63143945150932,100.0,0.0,199.4188371883366,-0.12843749999999998
2022,43,16,Puente Aranda,Media,-9.42559724601529,-13.180212065021818,24573.0,73898,0.0,91.90600522193212,0.0,0.9189189189189187,84.12071653780167,72.79156957770807,0.3174190663479431,51.47269259344049,42.63143945150932,100.0,0.0,247.07687664381496,-0.13785900783289817
2022,108,16,Puente Aranda,Baja,5.491006201516527,-14.2934802873161,2376.0,6581,2.2522522522522523,30.180180180180184,0.0,0.8108108108108107,63.120551115597415,50.9074404427709,0.3174190663479431,51.47269259344049,42.63143945150932,100.0,0.0,22.00347675434986,-0.05427927927927928
2022,111,16,Puente Aranda,Media,-3.0494527191645466,-3.5457477288910497,2172.0,12251,0.8264462809917356,55.371900826446286,0.8264462809917356,0.8648648648648649,63.120551115597415,50.9074404427709,0.3174190663479431,51.47269259344049,42.63143945150932,100.0,0.0,40.96103840108496,-0.08636363636363636
2022,94,17,La Candelaria,Baja,24.071217872048727,-30.747808060108994,8482.0,18143,42.62295081967213,26.229508196721312,0.0,0.8918918918918919,74.016551465833,54.830721201436575,0.6712410704745336,35.31957637115097,40.3460655332117,0.0,0.0,95.0,-0.21475409836065576
2022,36,18,Rafael Uribe Uribe,Media,0.20020119700425615,-47.606380656200926,16738.0,48881,3.076923076923077,85.0,0.0,0.8648648648648649,84.00644261206945,54.51982911123658,0.603579286535181,43.656858833750434,49.09565379736238,100.0,0.0,148.78079162960051,-0.1398076923076923
2022,39,18,Rafael Uribe Uribe,Media,-10.178365894136174,-41.02092357833947,31560.0,92843,0.0,87.06293706293707,0.0,0.7027027027027026,72.50458404325771,42.17813264396177,0.603579286535181,43.656858833750434,49.09565379736238,100.0,0.0,282.589452696692,-0.13059440559440558
2022,53,18,Rafael Uribe Uribe,Baja,-8.21630166842059,-50.34597256453475,14605.0,47496,70.4954954954955,22.97297297297297,0.0,0.8918918918918919,45.64872408233867,32.17696350528153,0.603579286535181,43.656858833750434,49.09565379736238,100.0,0.0,144.56521919026832,-0.3164414414414415
2022,54,18,Rafael Uribe Uribe,Baja,-8.22443013946448,-59.48068618351516,34999.0,121803,91.0162002945508,1.6200294550810015,0.0,0.8378378378378378,75.84473293104492,51.4595775378879,0.603579286535181,43.656858833750434,49.09565379736238,100.0,0.0,370.7360070960134,-0.4106774668630339
2022,55,18,Rafael Uribe Uribe,Baja,-3.001064184620045,-69.1229684285509,23905.0,75673,93.91447368421052,0.0,0.0,0.7837837837837838,75.47347122689092,43.137651547299285,0.603579286535181,43.656858833750434,49.09565379736238,100.0,0.0,230.3285293874258,-0.4985197368421052
2022,63,19,Ciudad Bolívar,Baja,-18.793967090481893,-73.96063891450099,10.0,32,33.33333333333333,0.0,0.0,1.0,46.43424039362268,29.67827137432306,0.2942952836094109,48.92648021691982,53.34610774858197,100.0,1.9230769230769231,0.1455987115158273,-0.1333333333333333
2022,64,19,Ciudad Bolívar,Baja,-20.833746542610072,-102.36401419228564,2052.0,6436,86.51685393258427,0.0,0.0,1.0,46.43424039362268,29.67827137432306,0.2942952836094109,48.92648021691982,53.34610774858197,100.0,1.9230769230769231,29.283540853620764,-0.6022471910112358
2022,65,19,Ciudad Bolívar,Baja,-35.64356330625946,-40.64571880107978,29918.0,83904,61.3013698630137,30.136986301369863,0.0,0.5675675675675675,81.29706931525732,58.01416649883968,0.2942952836094109,48.92648021691982,53.34610774858197,100.0,1.9230769230769231,381.75982159449916,-0.2904109589041096
2022,66,19,Ciudad Bolívar,Baja,-31.80127197707072,-54.66986448683388,23794.0,71601,92.79835390946502,0.0,0.0,0.7837837837837838,65.40070295580384,35.61601947628947,0.2942952836094109,48.92648021691982,53.34610774858197,100.0,1.9230769230769231,325.7816669763984,-0.42427983539094655
2022,67,19,Ciudad Bolívar,Baja,-33.245768368044715,-65.19591360602527,54562.0,162557,94.16562107904642,0.0,0.0,0.7297297297297297,50.70915088991646,30.514931570166198,0.2942952836094109,48.92648021691982,53.34610774858197,100.0,1.9230769230769231,739.627804621198,-0.6149309912170638
2022,68,19,Ciudad Bolívar,Baja,-27.546100032588,-73.62061759502083,17981.0,53795,93.09734513274336,0.0,0.0,0.9189189189189187,46.43424039362268,29.67827137432306,0.2942952836094109,48.92648021691982,53.34610774858197,100.0,1.9230769230769231,244.7650839373103,-0.6368141592920354
2022,69,19,Ciudad Bolívar,Baja,-49.06636950554404,-39.05236598133497,53376.0,165388,78.00859598853867,0.8595988538681949,0.0,0.945945945945946,64.6752521165627,54.88213851165708,0.2942952836094109,48.92648021691982,53.34610774858197,100.0,1.9230769230769231,752.5087406306138,-0.4835243553008596
2022,70,19,Ciudad Bolívar,Baja,-44.886535573196596,-53.554827333172625,28818.0,102007,87.97687861271677,0.0,0.0,0.8378378378378378,71.46859080726537,49.67462509485674,0.2942952836094109,48.92648021691982,53.34610774858197,100.0,1.9230769230769231,464.1277426748436,-0.6002312138728323
2023,1,1,Usaquén,Baja,52.42173470293715,112.91898919423654,915.0,2690,42.30769230769231,0.0,30.76923076923077,0.972972972972973,80.37325568082107,66.5875430601905,0.4232267310550924,18.20432710064477,36.40700859514727,100.0,0.0,3.4040992860870545,0.015384615384615385
2023,9,1,Usaquén,Baja,52.764220486745856,92.19188625768138,44672.0,131999,53.61702127659575,34.46808510638298,4.25531914893617,0.8648648648648649,76.72312747727439,57.78373182330883,0.4232267310550924,18.20432710064477,36.40700859514727,100.0,0.0,167.04003779338478,-0.2714893617021277
2023,10,1,Usaquén,Media,54.47452333031145,83.18216943219227,14684.0,37014,18.421052631578945,32.89473684210527,21.052631578947366,0.945945945945946,80.37325568082107,66.5875430601905,0.4232267310550924,18.20432710064477,36.40700859514727,100.0,0.0,46.83989999079042,-0.12697368421052632
2023,11,1,Usaquén,Media,60.22809492236857,72.22755850641367,23252.0,72939,32.345013477088955,58.7601078167116,0.8086253369272238,0.7837837837837838,68.84995199602827,47.08741035989184,0.4232267310550924,18.20432710064477,36.40700859514727,100.0,0.0,92.30170922970396,-0.28409703504043127
2023,12,1,Usaquén,Media,48.21205986028848,76.53288821628783,22934.0,63068,3.1390134529147984,54.7085201793722,31.390134529147986,0.8918918918918919,84.14458187983718,66.83154597045804,0.4232267310550924,18.20432710064477,36.40700859514727,100.0,0.0,79.81030995350868,-0.09461883408071749
2023,13,1,Usaquén,Alta,50.62516421196206,63.011415461964596,60572.0,134973,1.7811704834605595,0.0,86.76844783715013,0.972972972972973,85.28059921158618,72.47684889383278,0.4232267310550924,18.20432710064477,36.40700859514727,100.0,0.0,170.80352897435984,0.16132315521628499
2023,14,1,Usaquén,Alta,54.12597989024129,40.421401092850914,17401.0,43160,12.5,11.585365853658535,63.41463414634147,0.972972972972973,93.517473005241,76.2875806532837,0.4232267310550924,18.20432710064477,36.40700859514727,100.0,0.0,54.61744430762724,0.23201219512195123
2023,15,1,Usaquén,Alta,45.25664624761402,53.15777892932296,9931.0,26128,0.0,0.0,89.39393939393939,1.0,89.05316456072492,72.1769566448582,0.4232267310550924,18.20432710064477,36.40700859514727,100.0,0.0,33.06405432969612,0.49242424242424243
2023,16,1,Usaquén,Alta,43.52027626661661,42.57031353965014,35286.0,74375,0.0,0.0,85.91549295774648,1.0,89.05316456072492,72.1769566448582,0.4232267310550924,18.20432710064477,36.40700859514727,100.0,0.0,94.1189161348419,0.4980281690140845
2023,88,2,Chapinero,Alta,42.86125281112812,20.414750484228133,17283.0,41543,0.0,0.0,90.04739336492891,1.0,85.8142985449947,65.45782951001642,0.5941833795463254,10.359824379573334,24.95064368350129,100.0,0.0,68.4939854304413,0.5350710900473933
2023,89,2,Chapinero,Baja,62.98261504716317,21.697107852412543,5935.0,17839,95.1923076923077,0.0,1.9230769230769231,0.972972972972973,59.68617809230392,42.4947150948463,0.5941833795463254,10.359824379573334,24.95064368350129,100.0,0.0,29.412035868705733,-0.37115384615384617
2023,90,2,Chapinero,Alta,35.53628695310171,1.914128000999335,23705.0,53836,44.63087248322148,0.3355704697986577,44.29530201342281,0.8648648648648649,81.69129402997835,62.793365172161785,0.5941833795463254,10.359824379573334,24.95064368350129,100.0,0.0,88.7620585810663,-0.21795302013422818
2023,97,2,Chapinero,Alta,37.27444853794916,24.467198521036966,18190.0,38608,0.0,1.2232415902140672,85.3211009174312,0.9189189189189187,85.8142985449947,65.45782951001642,0.5941833795463254,10.359824379573334,24.95064368350129,100.0,0.0,63.65490671108195,0.4073394495412844
2023,99,2,Chapinero,Alta,30.16765997600664,0.13382274756130452,14337.0,26491,0.0,36.95652173913043,45.65217391304348,0.8108108108108107,81.69129402997835,62.793365172161785,0.5941833795463254,10.359824379573334,24.95064368350129,100.0,0.0,43.677013408704724,-0.055434782608695644
2023,91,3,Santa Fe,Media,28.603542569557515,-13.614949310593461,6534.0,11247,0.0,50.0,24.285714285714285,0.9189189189189187,74.8513423318018,59.8240262549234,0.5498071820283936,34.4730057640131,48.787305442163415,100.0,0.0,146.1444172366236,-0.075
2023,92,3,Santa Fe,Baja,29.576666137665356,-20.499029141250844,5691.0,12253,53.84615384615384,15.384615384615383,17.094017094017094,0.945945945945946,69.59290911730199,57.43541525110545,0.5498071820283936,34.4730057640131,48.787305442163415,100.0,0.0,159.21646166980963,-0.2717948717948718
2023,93,3,Santa Fe,Media,22.523177675371212,-24.57460689265902,9563.0,17203,6.015037593984962,69.92481203007519,0.0,0.8108108108108107,74.8513423318018,59.8240262549234,0.5498071820283936,34.4730057640131,48.787305442163415,100.0,0.0,223.53715743946262,-0.12894736842105264
2023,95,3,Santa Fe,Baja,16.6040490375661,-35.37065114263601,9110.0,20786,91.66666666666666,0.0,0.0,0.7297297297297297,43.99256712900596,32.24875405124618,0.5498071820283936,34.4730057640131,48.787305442163415,100.0,0.0,270.0949459127286,-0.36666666666666664
2023,96,3,Santa Fe,Baja,24.944099532943994,-39.01794449687237,14004.0,45098,95.58823529411764,0.0,0.0,0.8648648648648649,61.77935560197444,48.332706133352325,0.5498071820283936,34.4730057640131,48.787305442163415,100.0,0.0,586.0070177413755,-0.41676470588235304
2023,32,4,San Cristóbal,Baja,17.25829512080333,-56.061642679129726,33486.0,105092,89.98302207130729,0.0,0.0,0.8918918918918919,67.65753957583333,46.62789509040049,0.2714444967767144,50.85949969229312,50.30768175888187,100.0,0.0,251.33461277274202,-0.400169779286927
2023,33,4,San Cristóbal,Media,14.121732033096874,-44.40549436839297,14830.0,44546,15.677966101694915,73.72881355932203,0.0,0.8918918918918919,79.42100242605466,55.39373114139244,0.2714444967767144,50.85949969229312,50.30768175888187,100.0,0.0,106.53476630547108,-0.17330508474576273
2023,34,4,San Cristóbal,Baja,7.237475366954071,-53.98737162980484,25818.0,81050,69.07020872865274,20.683111954459203,0.0,0.9189189189189187,71.08358111157993,37.8206204445353,0.2714444967767144,50.85949969229312,50.30768175888187,100.0,0.0,193.83654669461748,-0.3073055028462998
2023,50,4,San Cristóbal,Baja,11.446031147864026,-67.54763211551122,28420.0,96862,89.1156462585034,0.0,0.0,0.5135135135135135,63.72089261344356,40.32089234732478,0.2714444967767144,50.85949969229312,50.30768175888187,100.0,0.0,231.6520121645162,-0.36802721088435375
2023,51,4,San Cristóbal,Baja,10.46051936704976,-77.99977289742324,24155.0,78878,91.11111111111111,0.0,0.0,0.8378378378378378,66.97255738040057,42.40208875052701,0.2714444967767144,50.85949969229312,50.30768175888187,100.0,0.0,188.64206206265317,-0.40634920634920646
2023,52,5,Usme,Baja,11.501373570494664,-97.04842127098003,6633.0,20151,95.78947368421052,0.0,0.0,1.0,55.95423569595468,33.43092149728123,0.5152892734203515,63.309847171059154,55.47471169257355,100.0,0.0,47.6910159128578,-0.6705263157894736
2023,56,5,Usme,Baja,-8.455586104625835,-75.89456532322569,19363.0,58494,95.27272727272728,0.0,0.0,1.0,47.458686928251126,27.31307766370284,0.5152892734203515,63.309847171059154,55.47471169257355,100.0,0.0,138.436717026783,-0.5927272727272727
2023,57,5,Usme,Baja,-4.686912363774609,-90.27335007646587,43080.0,134412,90.82926829268294,0.0,0.0,0.7567567567567568,76.10336606240905,50.34189279865453,0.5152892734203515,63.309847171059154,55.47471169257355,100.0,0.0,318.1105072144828,-0.44087804878048786
2023,58,5,Usme,Baja,-9.617814255879106,-100.06684893226095,32501.0,101345,88.57808857808857,0.0,0.0,0.9189189189189187,62.046773748264606,40.86220728004851,0.5152892734203515,63.309847171059154,55.47471169257355,100.0,0.0,239.85142214721722,-0.5060606060606061
2023,59,5,Usme,Baja,1.481700157551871,-106.41919983196306,17785.0,53774,90.24896265560167,0.0,0.0,1.0,61.98964077990875,40.1041430090295,0.5152892734203515,63.309847171059154,55.47471169257355,100.0,0.0,127.26597636335742,-0.6311203319502074
2023,60,5,Usme,Baja,2.5562428536561006,-80.06569760132426,306.0,1169,76.92307692307692,0.0,0.0,1.0,47.458686928251126,27.31307766370284,0.5152892734203515,63.309847171059154,55.47471169257355,100.0,0.0,2.7666516600729874,-0.5153846153846153
2023,61,5,Usme,Baja,-4.945789287804316,-116.99343949676569,10612.0,28258,58.3596214511041,0.0,0.0,0.972972972972973,61.98964077990875,40.1041430090295,0.5152892734203515,63.309847171059154,55.47471169257355,100.0,0.0,66.87770967522881,-0.34700315457413244
2023,42,6,Tunjuelito,Baja,-25.752531440005793,-40.83125965745809,50057.0,141537,55.70247933884298,35.70247933884298,0.0,0.8108108108108107,76.40315995008112,60.79484066968382,0.2730772240795397,33.607446811745525,49.68061339894025,0.0,0.0,471.9369967694856,-0.27636363636363637
2023,62,6,Tunjuelito,Baja,-18.065510935174146,-58.87941860922457,11879.0,41406,85.77405857740587,4.602510460251046,0.0,0.8108108108108107,50.542639718825214,30.68008554640913,0.2730772240795397,33.607446811745525,49.68061339894025,0.0,0.0,138.06300323051443,-0.3525104602510461
2023,49,7,Bosa,Baja,-44.730258201838005,-28.01301242834345,10919.0,36013,56.16438356164384,35.15981735159817,0.0,0.945945945945946,76.16539097092507,55.13661598388408,0.3556506784206674,41.98795483602233,42.67739040119298,100.0,1.4705882352941178,117.6942192246715,-0.2773972602739726
2023,84,7,Bosa,Baja,-63.062688815856816,-10.657978569459326,61420.0,199365,96.58119658119658,0.0,0.0,0.5945945945945945,77.96385990316645,56.13099776495108,0.3556506784206674,41.98795483602233,42.67739040119298,100.0,1.4705882352941178,651.5454978959442,-0.3973504273504274
2023,85,7,Bosa,Baja,-66.41700350970574,-22.459420672368722,73586.0,237111,90.7563025210084,0.0,0.0,0.3783783783783784,70.16877120458035,45.45469240950858,0.3556506784206674,41.98795483602233,42.67739040119298,100.0,1.4705882352941178,774.9033408652733,-0.36325439266615744
2023,86,7,Bosa,Baja,-64.71956170943255,2.4343749556302403,47293.0,143758,94.8955916473318,0.0,0.0,0.6486486486486487,73.14536755747912,51.86268066207548,0.3556506784206674,41.98795483602233,42.67739040119298,100.0,1.4705882352941178,469.8160544053627,-0.5549883990719258
2023,87,7,Bosa,Baja,-78.16626907582783,-6.495877410013539,44255.0,113534,87.22222222222221,0.0,0.0,0.8378378378378378,73.71252068983654,50.32253612993178,0.3556506784206674,41.98795483602233,42.67739040119298,100.0,1.4705882352941178,371.0408876087484,-0.4288888888888889
2023,44,8,Kennedy,Media,-22.06559593448726,-11.434926935681919,28240.0,78380,24.065420560747665,58.87850467289719,6.775700934579438,0.8918918918918919,78.68749834591497,61.623981682993154,0.3608040769172437,38.936357486044365,39.90001531319474,98.66666666666669,1.3333333333333333,360.3185590751374,-0.18457943925233644
2023,45,8,Kennedy,Media,-27.284861832006523,-23.12117529937842,29918.0,88914,29.79890310786105,62.888482632541134,0.0,0.5945945945945945,69.86479309668712,47.439756941254615,0.3608040769172437,38.936357486044365,39.90001531319474,98.66666666666669,1.3333333333333333,408.7441230110585,-0.21352833638025592
2023,46,8,Kennedy,Media,-28.343045607985307,3.0103494618895152,54146.0,141571,36.80430879712747,51.70556552962297,0.0,0.7837837837837838,81.098107499209,58.03904473245194,0.3608040769172437,38.936357486044365,39.90001531319474,98.66666666666669,1.3333333333333333,650.8121807454231,-0.22477558348294435
2023,47,8,Kennedy,Media,-38.248055784417474,-12.184513101243258,32980.0,92968,0.0,86.48111332007953,0.0,0.972972972972973,66.24843580544717,52.77505280884959,0.3608040769172437,38.936357486044365,39.90001531319474,98.66666666666669,1.3333333333333333,427.38065578077783,-0.12972166998011928
2023,48,8,Kennedy,Media,-42.29413528361358,-21.895607463593283,46854.0,139473,32.60619977037887,55.91274397244547,0.0,0.6756756756756757,74.82087166621648,55.19740993648533,0.3608040769172437,38.936357486044365,39.90001531319474,98.66666666666669,1.3333333333333333,641.1675221980943,-0.2142939150401837
2023,78,8,Kennedy,Baja,-35.911811283836144,13.977987540501635,12150.0,30467,57.142857142857146,8.16326530612245,0.0,0.972972972972973,73.13184284306593,54.772991493014814,0.3608040769172437,38.936357486044365,39.90001531319474,98.66666666666669,1.3333333333333333,140.0590142809672,-0.29591836734693877
2023,79,8,Kennedy,Baja,-42.53329658964881,7.702045500242773,50877.0,134340,83.06451612903226,3.225806451612903,0.0,0.7837837837837838,72.82112966077318,61.63669483547722,0.3608040769172437,38.936357486044365,39.90001531319474,98.66666666666669,1.3333333333333333,617.5707479733854,-0.3370967741935484
2023,80,8,Kennedy,Baja,-42.273955229782345,-5.977751231059277,18197.0,56102,91.84782608695652,0.5434782608695652,0.0,0.7837837837837838,55.74611171705038,40.10378762635176,0.3608040769172437,38.936357486044365,39.90001531319474,98.66666666666669,1.3333333333333333,257.90497322318646,-0.36820652173913043
2023,81,8,Kennedy,Baja,-52.04975412330823,-13.581667111782979,20069.0,62139,91.12271540469972,0.2610966057441253,0.0,0.8108108108108107,66.20852647951097,44.402578420459264,0.3608040769172437,38.936357486044365,39.90001531319474,98.66666666666669,1.3333333333333333,285.65750117848887,-0.3648825065274151
2023,82,8,Kennedy,Baja,-48.62602468570228,1.843592198038629,44660.0,137776,90.084388185654,0.0,0.0,0.7027027027027026,65.53993024918347,49.047188232984766,0.3608040769172437,38.936357486044365,39.90001531319474,98.66666666666669,1.3333333333333333,633.3662898078097,-0.37774261603375525
2023,83,8,Kennedy,Baja,-54.5483415668318,-0.8831666093172195,11109.0,32008,84.61538461538461,0.0,0.0,0.945945945945946,63.63195140312623,45.60996053240007,0.3608040769172437,38.936357486044365,39.90001531319474,98.66666666666669,1.3333333333333333,147.14310332836178,-0.3384615384615385
2023,113,8,Kennedy,Media,-17.795965597751394,-1.1224568653696527,17106.0,41086,0.0,70.16129032258065,8.870967741935484,1.0,81.098107499209,58.03904473245194,0.3608040769172437,38.936357486044365,39.90001531319474,98.66666666666669,1.3333333333333333,188.87532939730917,-0.10524193548387097
2023,75,9,Fontibón,Media,-29.087070742236296,28.542860929698993,44870.0,139257,4.444444444444445,88.88888888888889,0.1587301587301587,0.4864864864864865,68.81701547138886,52.179635506388976,0.3361631027578329,30.352187341783043,29.61704982593028,94.11764705882352,0.0,379.9621795315793,-0.1511111111111111
2023,76,9,Fontibón,Baja,-41.4147072770074,41.66439567193389,11585.0,35141,61.92307692307693,25.384615384615383,0.0,0.8108108108108107,63.37252624275612,46.515358698987896,0.3361631027578329,30.352187341783043,29.61704982593028,94.11764705882352,0.0,95.88208097919119,-0.2857692307692308
2023,77,9,Fontibón,Baja,-41.951432050513105,27.879386292616836,22190.0,65454,69.04761904761905,3.571428571428571,0.0,0.7837837837837838,82.01168985510337,69.80228725936432,0.3361631027578329,30.352187341783043,29.61704982593028,94.11764705882352,0.0,178.59098285228026,-0.28154761904761905
2023,110,9,Fontibón,Alta,-5.239110764421833,12.599619088706095,18930.0,46658,0.0,5.681818181818182,63.63636363636363,1.0,81.31390114744809,70.45870228409093,0.3361631027578329,30.352187341783043,29.61704982593028,94.11764705882352,0.0,127.30617040855705,0.059659090909090905
2023,112,9,Fontibón,Baja,-15.87109482585142,11.024278620455103,21409.0,53189,9.826589595375722,4.046242774566474,23.69942196531792,0.7567567567567568,81.20952913275184,58.89130678795048,0.3361631027578329,30.352187341783043,29.61704982593028,94.11764705882352,0.0,145.12597835013804,-0.041329479768786134
2023,114,9,Fontibón,Alta,-13.169334799166148,20.769702004802724,16082.0,45171,0.0,14.285714285714285,73.17073170731707,1.0,85.32015350826416,68.0430975601345,0.3361631027578329,30.352187341783043,29.61704982593028,94.11764705882352,0.0,123.24889672778366,-0.021428571428571425
2023,115,9,Fontibón,Media,-16.678705232222566,30.149046509278318,6533.0,18499,0.0,53.333333333333336,8.333333333333332,0.972972972972973,88.05021915741271,68.37331516239573,0.3361631027578329,30.352187341783043,29.61704982593028,94.11764705882352,0.0,50.474449106003185,-0.08
2023,117,9,Fontibón,Baja,-27.94548926486944,44.688284370763384,323.0,883,0.0,27.27272727272727,0.0,1.0,88.05021915741271,68.37331516239573,0.3361631027578329,30.352187341783043,29.61704982593028,94.11764705882352,0.0,2.4092620444673125,-0.0409090909090909
2023,26,10,Engativá,Media,10.276355493632146,31.910299054068357,36062.0,100848,0.0,90.0763358778626,1.3358778625954195,0.2,76.26813843806998,58.168878879795,0.2338602758501648,37.98822337252181,37.7285295134672,100.0,0.0,162.5627017241949,-0.1351145038167939
2023,29,10,Engativá,Media,4.781923918154401,51.6797912211429,36920.0,110520,26.086956521739133,51.17056856187291,0.0,0.4324324324324324,78.22396672616874,51.97403057345479,0.2338602758501648,37.98822337252181,37.7285295134672,100.0,0.0,178.15355579246017,-0.19280936454849498
2023,30,10,Engativá,Media,0.7406477156995486,41.68295583306191,46417.0,128214,0.0,90.7936507936508,0.1587301587301587,0.5135135135135135,76.47369646396214,62.10476773492199,0.2338602758501648,37.98822337252181,37.7285295134672,100.0,0.0,206.67553386151363,-0.1361904761904762
2023,31,10,Engativá,Media,-2.6191364237914483,28.475365520905857,26280.0,67416,0.0,64.59948320413437,30.23255813953488,0.7567567567567568,82.68390449134027,65.99553017507957,0.2338602758501648,37.98822337252181,37.7285295134672,100.0,0.0,108.67173468426071,-0.09689922480620157
2023,72,10,Engativá,Media,-8.334441597042606,64.03490000927587,32080.0,83775,0.0,75.97402597402598,0.0,0.8918918918918919,70.29060580201613,55.81891871788736,0.2338602758501648,37.98822337252181,37.7285295134672,100.0,0.0,135.04174933508278,-0.11396103896103897
2023,73,10,Engativá,Media,-14.619765799082039,55.847881298624756,61201.0,168657,24.776785714285715,64.84375,1.5625,0.2,76.1985193283638,57.53739808949218,0.2338602758501648,37.98822337252181,37.7285295134672,100.0,0.0,271.86793575180013,-0.19637276785714286
2023,74,10,Engativá,Baja,-26.0698196884656,55.74719846122355,49662.0,142612,90.8062234794908,0.1414427157001414,0.0,0.2162162162162162,69.9181790910935,47.69917350844221,0.2338602758501648,37.98822337252181,37.7285295134672,100.0,0.0,229.8844996260797,-0.36343705799151343
2023,105,10,Engativá,Baja,2.0353328681845837,18.155899234754035,1243.0,2900,7.6923076923076925,23.07692307692308,0.0,1.0,82.68390449134027,65.99553017507957,0.2338602758501648,37.98822337252181,37.7285295134672,100.0,0.0,4.6746770882929285,-0.06538461538461539
2023,116,10,Engativá,Media,-9.33726500048923,34.84343875316049,4657.0,12077,4.819277108433735,53.01204819277109,2.409638554216868,0.8378378378378378,83.87653084361145,62.06944431398723,0.2338602758501648,37.98822337252181,37.7285295134672,100.0,0.0,19.46761213631507,-0.08674698795180723
2023,2,11,Suba,Baja,41.02039658095067,108.30741916799685,2079.0,5260,0.0,2.3255813953488373,23.25581395348837,0.972972972972973,72.20701072422837,57.76385279447567,0.3749554377749831,39.01482696369601,33.58415683278398,100.0,0.0,9.552561574521913,0.11976744186046512
2023,3,11,Suba,Baja,43.900633854069746,132.28368026026448,669.0,2692,0.0,6.0,42.0,1.0,72.20701072422837,57.76385279447567,0.3749554377749831,39.01482696369601,33.58415683278398,100.0,0.0,4.888877520648857,0.237
2023,17,11,Suba,Alta,36.1552904175447,91.63862946599721,18005.0,52099,0.0,22.641509433962263,65.56603773584905,0.972972972972973,72.20701072422837,57.76385279447567,0.3749554377749831,39.01482696369601,33.58415683278398,100.0,0.0,94.6157614963911,0.046226415094339626
2023,18,11,Suba,Media,35.34709269863864,80.56187953544625,36256.0,97578,2.5,78.75,10.625,0.945945945945946,77.31607457950625,60.29390839123392,0.3749554377749831,39.01482696369601,33.58415683278398,100.0,0.0,177.20909758910634,-0.11875
2023,19,11,Suba,Media,35.33099698011065,63.2995185464543,39004.0,106920,2.0527859237536656,61.87683284457478,31.96480938416422,0.8378378378378378,87.76963627596155,75.4893463224884,0.3749554377749831,39.01482696369601,33.58415683278398,100.0,0.0,194.17488280378006,-0.07316715542521995
2023,20,11,Suba,Alta,31.957765777074577,44.186562246911535,18358.0,43531,0.0,0.0,88.38174273858921,1.0,92.2041732620844,82.78548183287694,0.3749554377749831,39.01482696369601,33.58415683278398,100.0,0.0,79.05561937272118,0.43983402489626555
2023,23,11,Suba,Baja,25.959644221570343,77.92812170952558,22805.0,62660,30.17241379310345,7.758620689655173,46.55172413793103,1.0,82.0771028674586,73.17798121726564,0.3749554377749831,39.01482696369601,33.58415683278398,100.0,0.0,113.79534377557853,-0.0064655172413793215
2023,24,11,Suba,Alta,22.91261749996571,58.37575504719357,30428.0,84904,0.4608294930875576,18.66359447004608,73.50230414746544,1.0,86.63856518436542,73.42940420949552,0.3749554377749831,39.01482696369601,33.58415683278398,100.0,0.0,154.19214599300543,0.2982718894009217
2023,25,11,Suba,Alta,18.274739337358625,45.216075566518896,17723.0,46543,0.0,16.666666666666664,74.50980392156862,0.972972972972973,92.93162117268176,80.1433736870218,0.3749554377749831,39.01482696369601,33.58415683278398,100.0,0.0,84.5256413237592,0.05637254901960783
2023,27,11,Suba,Baja,12.48170160509646,82.53759537102732,69171.0,186728,50.83056478405316,31.22923588039867,10.132890365448503,0.8918918918918919,85.31235262712039,64.76873097724933,0.3749554377749831,39.01482696369601,33.58415683278398,100.0,0.0,339.112303742838,-0.23654485049833887
2023,28,11,Suba,Baja,7.511673902006199,68.99391690203842,90048.0,295322,65.7856093979442,25.55066079295154,0.3671071953010279,0.7027027027027026,75.15676100961866,54.72520150108077,0.3749554377749831,39.01482696369601,33.58415683278398,100.0,0.0,536.3272983480914,-0.3052129221732746
2023,71,11,Suba,Baja,-7.2114755686706244,79.36322845145517,105309.0,305907,84.50046685340803,4.3884220354808585,0.0,0.2,75.31680536979212,54.44559434047566,0.3749554377749831,39.01482696369601,33.58415683278398,100.0,0.0,555.5504664595579,-0.3445845004668534
2023,21,12,Barrios Unidos,Alta,27.468073729139288,32.65973523402431,10877.0,31556,0.0,34.97757847533632,52.46636771300449,0.6486486486486487,80.41321120980301,70.61201816059211,0.4979879700171731,42.15791796788533,34.428262295593406,100.0,0.0,143.64028120149732,0.001345291479820633
2023,22,12,Barrios Unidos,Media,18.7235467874251,24.714628497789768,27154.0,75666,0.0,63.25581395348837,26.97674418604652,0.4324324324324324,78.98008387147235,61.57161312967068,0.4979879700171731,42.15791796788533,34.428262295593406,100.0,0.0,344.4253237860469,-0.09488372093023255
2023,98,12,Barrios Unidos,Media,26.944165305610902,17.784912981463908,16359.0,44678,0.0,79.25233644859813,10.093457943925234,0.3243243243243243,71.92251681333613,50.77884863535045,0.4979879700171731,42.15791796788533,34.428262295593406,100.0,0.0,203.37053123084348,-0.11887850467289718
2023,103,12,Barrios Unidos,Media,14.21229559638227,16.803261797216255,513.0,1442,0.0,76.47058823529412,0.0,0.945945945945946,78.98008387147235,61.57161312967068,0.4979879700171731,42.15791796788533,34.428262295593406,100.0,0.0,6.563863781612344,-0.11470588235294116
2023,100,13,Teusaquillo,Alta,23.565363950779815,3.8557134209371484,17700.0,38425,0.0,33.6996336996337,59.70695970695971,0.7567567567567568,79.98969638572802,64.94652997664521,0.6633339207279338,15.44212714962264,22.41497962005453,100.0,0.0,37.40266060999351,-0.05054945054945055
2023,101,13,Teusaquillo,Alta,22.69998067194829,-7.632317244604541,14089.0,28881,0.0,7.38255033557047,82.21476510067114,0.972972972972973,84.24968726091629,64.10307294501042,0.6633339207279338,15.44212714962264,22.41497962005453,100.0,0.0,28.112589227774176,-0.011073825503355705
2023,104,13,Teusaquillo,Alta,9.82270173284458,6.953264778428711,1093.0,3323,0.0,0.0,60.86956521739131,1.0,88.4492919452778,73.73536807238531,0.6633339207279338,15.44212714962264,22.41497962005453,100.0,0.0,3.234587929915639,0.0
2023,106,13,Teusaquillo,Alta,13.492371721177673,7.351330899985041,15472.0,41130,0.0,0.0,88.95705521472392,1.0,88.4492919452778,73.73536807238531,0.6633339207279338,15.44212714962264,22.41497962005453,100.0,0.0,40.035691109669045,0.12883435582822084
2023,107,13,Teusaquillo,Alta,11.148032267134015,-5.594343444189677,12228.0,28926,0.0,10.967741935483872,80.0,0.8918918918918919,88.53145193641939,76.8057548108156,0.6633339207279338,15.44212714962264,22.41497962005453,100.0,0.0,28.156391953277094,-0.016451612903225808
2023,109,13,Teusaquillo,Baja,2.0845174155648176,3.6488699560317523,10044.0,25743,0.0,1.36986301369863,49.31506849315068,1.0,88.85942176915795,70.82791146252507,0.6633339207279338,15.44212714962264,22.41497962005453,100.0,0.0,25.05807916937054,0.03904109589041096
2023,37,14,Los Mártires,Media,6.570972857598681,-29.419014336935554,17180.0,43992,0.0,90.6060606060606,0.0,0.9189189189189187,67.48203891676579,53.216968121292105,0.1556112406337143,29.331591387661103,55.15082387145006,100.0,14.285714285714286,504.97769409038244,-0.13590909090909087
2023,102,14,Los Mártires,Media,14.884438746411664,-20.102544127407793,16232.0,38856,13.65979381443299,70.10309278350515,0.7731958762886598,0.5135135135135135,55.39672283455738,40.55286180531498,0.1556112406337143,29.331591387661103,55.15082387145006,100.0,14.285714285714286,446.0223059096176,-0.15979381443298968
2023,35,15,Antonio Nariño,Media,8.511974289699769,-40.30677476216185,8699.0,26977,15.66265060240964,75.90361445783132,0.0,0.9189189189189187,80.80694740507136,68.36074108410646,0.465646666219045,34.83537776548703,52.97075347343085,100.0,0.0,43.073196306225796,-0.17650602409638555
2023,38,15,Antonio Nariño,Media,-1.398664664249712,-35.10179454926789,19372.0,56948,0.0,87.75981524249423,0.23094688221709,0.5675675675675675,74.46747068845696,62.25739680349445,0.465646666219045,34.83537776548703,52.97075347343085,100.0,0.0,90.9268036937742,-0.13163972286374134
2023,40,16,Puente Aranda,Media,-5.733967766414086,-23.062791843858236,37082.0,103350,0.0,88.19672131147541,0.0,0.8918918918918919,83.81312566881827,64.0199728644823,0.3174190663479431,51.47269259344049,42.63143945150932,100.0,0.0,343.3849048225575,-0.13229508196721312
2023,41,16,Puente Aranda,Media,-16.15475609603105,-28.96259066161855,19911.0,60006,0.0,85.625,0.0,0.945945945945946,85.44065388850419,61.14426533938219,0.3174190663479431,51.47269259344049,42.63143945150932,100.0,0.0,199.37256505836848,-0.12843749999999998
2023,43,16,Puente Aranda,Media,-9.42559724601529,-13.180212065021818,24929.0,74227,0.0,91.90600522193212,0.0,0.9189189189189187,84.12071653780167,72.79156957770807,0.3174190663479431,51.47269259344049,42.63143945150932,100.0,0.0,246.62246086370558,-0.13785900783289817
2023,108,16,Puente Aranda,Baja,5.491006201516527,-14.2934802873161,2464.0,6666,2.2522522522522523,30.180180180180184,0.0,0.8108108108108107,63.120551115597415,50.9074404427709,0.3174190663479431,51.47269259344049,42.63143945150932,100.0,0.0,22.14807717026771,-0.05427927927927928
2023,111,16,Puente Aranda,Media,-3.0494527191645466,-3.5457477288910497,2278.0,12482,0.8264462809917356,55.371900826446286,0.8264462809917356,0.8648648648648649,63.120551115597415,50.9074404427709,0.3174190663479431,51.47269259344049,42.63143945150932,100.0,0.0,41.471992085100744,-0.08636363636363636
2023,94,17,La Candelaria,Baja,24.071217872048727,-30.747808060108994,8573.0,18409,42.62295081967213,26.229508196721312,0.0,0.8918918918918919,74.016551465833,54.830721201436575,0.6712410704745336,35.31957637115097,40.3460655332117,0.0,0.0,95.0,-0.21475409836065576
2023,36,18,Rafael Uribe Uribe,Media,0.20020119700425615,-47.606380656200926,16969.0,49117,3.076923076923077,85.0,0.0,0.8648648648648649,84.00644261206945,54.51982911123658,0.603579286535181,43.656858833750434,49.09565379736238,100.0,0.0,148.52277783772396,-0.1398076923076923
2023,39,18,Rafael Uribe Uribe,Media,-10.178365894136174,-41.02092357833947,32097.0,93328,0.0,87.06293706293707,0.0,0.7027027027027026,72.50458404325771,42.17813264396177,0.603579286535181,43.656858833750434,49.09565379736238,100.0,0.0,282.2105138758292,-0.13059440559440558
2023,53,18,Rafael Uribe Uribe,Baja,-8.21630166842059,-50.34597256453475,14627.0,47615,70.4954954954955,22.97297297297297,0.0,0.8918918918918919,45.64872408233867,32.17696350528153,0.603579286535181,43.656858833750434,49.09565379736238,100.0,0.0,143.98094482039266,-0.3164414414414415
2023,54,18,Rafael Uribe Uribe,Baja,-8.22443013946448,-59.48068618351516,35910.0,123085,91.0162002945508,1.6200294550810015,0.0,0.8378378378378378,75.84473293104492,51.4595775378879,0.603579286535181,43.656858833750434,49.09565379736238,100.0,0.0,372.1914227285106,-0.4106774668630339
2023,55,18,Rafael Uribe Uribe,Baja,-3.001064184620045,-69.1229684285509,24259.0,76093,93.91447368421052,0.0,0.0,0.7837837837837838,75.47347122689092,43.137651547299285,0.603579286535181,43.656858833750434,49.09565379736238,100.0,0.0,230.09434073754363,-0.4985197368421052
2023,63,19,Ciudad Bolívar,Baja,-18.793967090481893,-73.96063891450099,10.0,30,33.33333333333333,0.0,0.0,1.0,46.43424039362268,29.67827137432306,0.2942952836094109,48.92648021691982,53.34610774858197,100.0,1.9230769230769231,0.13539856859103458,-0.1333333333333333
2023,64,19,Ciudad Bolívar,Baja,-20.833746542610072,-102.36401419228564,2153.0,6575,86.51685393258427,0.0,0.0,1.0,46.43424039362268,29.67827137432306,0.2942952836094109,48.92648021691982,53.34610774858197,100.0,1.9230769230769231,29.674852949535076,-0.6022471910112358
2023,65,19,Ciudad Bolívar,Baja,-35.64356330625946,-40.64571880107978,31215.0,84765,61.3013698630137,30.136986301369863,0.0,0.5675675675675675,81.29706931525732,58.01416649883968,0.2942952836094109,48.92648021691982,53.34610774858197,100.0,1.9230769230769231,382.56865555396814,-0.2904109589041096
2023,66,19,Ciudad Bolívar,Baja,-31.80127197707072,-54.66986448683388,24204.0,72057,92.79835390946502,0.0,0.0,0.7837837837837838,65.40070295580384,35.61601947628947,0.2942952836094109,48.92648021691982,53.34610774858197,100.0,1.9230769230769231,325.2138218988059,-0.42427983539094655
2023,67,19,Ciudad Bolívar,Baja,-33.245768368044715,-65.19591360602527,55834.0,163588,94.16562107904642,0.0,0.0,0.7297297297297297,50.70915088991646,30.514931570166198,0.2942952836094109,48.92648021691982,53.34610774858197,100.0,1.9230769230769231,738.3193679556721,-0.6149309912170638
2023,68,19,Ciudad Bolívar,Baja,-27.546100032588,-73.62061759502083,18558.0,54369,93.09734513274336,0.0,0.0,0.9189189189189187,46.43424039362268,29.67827137432306,0.2942952836094109,48.92648021691982,53.34610774858197,100.0,1.9230769230769231,245.38282585753194,-0.6368141592920354
2023,69,19,Ciudad Bolívar,Baja,-49.06636950554404,-39.05236598133497,55033.0,166602,78.00859598853867,0.8595988538681949,0.0,0.945945945945946,64.6752521165627,54.88213851165708,0.2942952836094109,48.92648021691982,53.34610774858197,100.0,1.9230769230769231,751.9224108134514,-0.4835243553008596
2023,70,19,Ciudad Bolívar,Baja,-44.886535573196596,-53.554827333172625,29711.0,102981,87.97687861271677,0.0,0.0,0.8378378378378378,71.46859080726537,49.67462509485674,0.2942952836094109,48.92648021691982,53.34610774858197,100.0,1.9230769230769231,464.7826664024443,-0.6002312138728323
2024,1,1,Usaquén,Baja,52.42173470293715,112.91898919423654,916.0,2715,42.30769230769231,0.0,30.76923076923077,0.9696969696969696,80.37325568082107,66.5875430601905,0.4232267310550924,18.20432710064477,36.40700859514727,100.0,0.0,3.3915902609187545,0.015384615384615385
2024,2,11,Suba,Baja,41.02039658095067,108.30741916799685,2304.0,5377,0.0,2.3255813953488373,23.25581395348837,1.0,72.20701072422837,57.76385279447567,0.3749554377749831,39.01482696369601,33.58415683278398,100.0,0.0,9.6235326919331,0.11976744186046512
2024,3,11,Suba,Baja,43.900633854069746,132.28368026026448,680.0,2735,0.0,6.0,42.0,1.0,72.20701072422837,57.76385279447567,0.3749554377749831,39.01482696369601,33.58415683278398,100.0,0.0,4.894990126917803,0.237
2024,9,1,Usaquén,Baja,52.764220486745856,92.19188625768138,45652.0,133859,53.61702127659575,34.46808510638298,4.25531914893617,0.9090909090909092,76.72312747727439,57.78373182330883,0.4232267310550924,18.20432710064477,36.40700859514727,100.0,0.0,167.21726730619653,-0.2714893617021277
2024,10,1,Usaquén,Media,54.47452333031145,83.18216943219227,15396.0,37763,18.421052631578945,32.89473684210527,21.052631578947366,1.0,80.37325568082107,66.5875430601905,0.4232267310550924,18.20432710064477,36.40700859514727,100.0,0.0,47.1737101374125,-0.12697368421052632
2024,11,1,Usaquén,Media,60.22809492236857,72.22755850641367,23406.0,73725,32.345013477088955,58.7601078167116,0.8086253369272238,0.9393939393939394,68.84995199602827,47.08741035989184,0.4232267310550924,18.20432710064477,36.40700859514727,100.0,0.0,92.09760294152309,-0.28409703504043127
2024,12,1,Usaquén,Media,48.21205986028848,76.53288821628783,23187.0,63745,3.1390134529147984,54.7085201793722,31.390134529147986,0.9090909090909092,84.14458187983718,66.83154597045804,0.4232267310550924,18.20432710064477,36.40700859514727,100.0,0.0,79.63054187192118,-0.09461883408071749
2024,13,1,Usaquén,Alta,50.62516421196206,63.011415461964596,61768.0,136735,1.7811704834605595,0.0,86.76844783715013,1.0,85.28059921158618,72.47684889383278,0.4232267310550924,18.20432710064477,36.40700859514727,100.0,0.0,170.80997949419003,0.16132315521628499
2024,14,1,Usaquén,Alta,54.12597989024129,40.421401092850914,17679.0,43661,12.5,11.585365853658535,63.41463414634147,1.0,93.517473005241,76.2875806532837,0.4232267310550924,18.20432710064477,36.40700859514727,100.0,0.0,54.541518372734345,0.23201219512195123
2024,15,1,Usaquén,Alta,45.25664624761402,53.15777892932296,9962.0,26415,0.0,0.0,89.39393939393939,1.0,89.05316456072492,72.1769566448582,0.4232267310550924,18.20432710064477,36.40700859514727,100.0,0.0,32.9977372899333,0.49242424242424243
2024,16,1,Usaquén,Alta,43.52027626661661,42.57031353965014,36003.0,75360,0.0,0.0,85.91549295774648,1.0,89.05316456072492,72.1769566448582,0.4232267310550924,18.20432710064477,36.40700859514727,100.0,0.0,94.14005232517029,0.4980281690140845
2024,17,11,Suba,Alta,36.1552904175447,91.63862946599721,18048.0,52753,0.0,22.641509433962263,65.56603773584905,0.9696969696969696,72.20701072422837,57.76385279447567,0.3749554377749831,39.01482696369601,33.58415683278398,100.0,0.0,94.41514229078423,0.046226415094339626
2024,18,11,Suba,Media,35.34709269863864,80.56187953544625,37117.0,99443,2.5,78.75,10.625,0.9393939393939394,77.31607457950625,60.29390839123392,0.3749554377749831,39.01482696369601,33.58415683278398,100.0,0.0,177.97897740076309,-0.11875
2024,19,11,Suba,Media,35.33099698011065,63.2995185464543,39098.0,108236,2.0527859237536656,61.87683284457478,31.96480938416422,0.8484848484848485,87.76963627596155,75.4893463224884,0.3749554377749831,39.01482696369601,33.58415683278398,100.0,0.0,193.71632591483558,-0.07316715542521995
2024,20,11,Suba,Alta,31.957765777074577,44.186562246911535,18402.0,44079,0.0,0.0,88.38174273858921,1.0,92.2041732620844,82.78548183287694,0.3749554377749831,39.01482696369601,33.58415683278398,100.0,0.0,78.89077506559775,0.43983402489626555
2024,21,12,Barrios Unidos,Alta,27.468073729139288,32.65973523402431,11098.0,32174,0.0,34.97757847533632,52.46636771300449,0.6060606060606061,80.41321120980301,70.61201816059211,0.4979879700171731,42.15791796788533,34.428262295593406,100.0,0.0,143.71113727698568,0.001345291479820633
2024,22,12,Barrios Unidos,Media,18.7235467874251,24.714628497789768,27778.0,77185,0.0,63.25581395348837,26.97674418604652,0.3939393939393939,78.98008387147235,61.57161312967068,0.4979879700171731,42.15791796788533,34.428262295593406,100.0,0.0,344.76111551949214,-0.09488372093023255
2024,23,11,Suba,Baja,25.959644221570343,77.92812170952558,23434.0,63841,30.17241379310345,7.758620689655173,46.55172413793103,1.0,82.0771028674586,73.17798121726564,0.3749554377749831,39.01482696369601,33.58415683278398,100.0,0.0,114.25998709051534,-0.0064655172413793215
2024,24,11,Suba,Alta,22.91261749996571,58.37575504719357,30564.0,85942,0.4608294930875576,18.66359447004608,73.50230414746544,0.9696969696969696,86.63856518436542,73.42940420949552,0.3749554377749831,39.01482696369601,33.58415683278398,100.0,0.0,153.8154447852175,0.2982718894009217
2024,25,11,Suba,Alta,18.274739337358625,45.216075566518896,18115.0,47262,0.0,16.666666666666664,74.50980392156862,1.0,92.93162117268176,80.1433736870218,0.3749554377749831,39.01482696369601,33.58415683278398,100.0,0.0,84.5875771036158,0.05637254901960783
2024,26,10,Engativá,Media,10.276355493632146,31.910299054068357,36483.0,100984,0.0,90.0763358778626,1.3358778625954195,0.2,76.26813843806998,58.168878879795,0.2338602758501648,37.98822337252181,37.7285295134672,100.0,0.0,162.30079773894641,-0.1351145038167939
2024,27,11,Suba,Baja,12.48170160509646,82.53759537102732,71848.0,189646,50.83056478405316,31.22923588039867,10.132890365448503,0.8484848484848485,85.31235262712039,64.76873097724933,0.3749554377749831,39.01482696369601,33.58415683278398,100.0,0.0,339.42058413508363,-0.23654485049833887
2024,28,11,Suba,Baja,7.511673902006199,68.99391690203842,90284.0,299068,65.7856093979442,25.55066079295154,0.3671071953010279,0.696969696969697,75.15676100961866,54.72520150108077,0.3749554377749831,39.01482696369601,33.58415683278398,100.0,0.0,535.2595639038586,-0.3052129221732746
2024,29,10,Engativá,Media,4.781923918154401,51.6797912211429,36954.0,110717,26.086956521739133,51.17056856187291,0.0,0.3636363636363636,78.22396672616874,51.97403057345479,0.2338602758501648,37.98822337252181,37.7285295134672,100.0,0.0,177.94360911889936,-0.19280936454849498
2024,30,10,Engativá,Media,0.7406477156995486,41.68295583306191,47241.0,128451,0.0,90.7936507936508,0.1587301587301587,0.4545454545454546,76.47369646396214,62.10476773492199,0.2338602758501648,37.98822337252181,37.7285295134672,100.0,0.0,206.44557326274864,-0.1361904761904762
2024,31,10,Engativá,Media,-2.6191364237914483,28.475365520905857,26766.0,67552,0.0,64.59948320413437,30.23255813953488,0.7575757575757576,82.68390449134027,65.99553017507957,0.2338602758501648,37.98822337252181,37.7285295134672,100.0,0.0,108.56911479899102,-0.09689922480620157
2024,32,4,San Cristóbal,Baja,17.25829512080333,-56.061642679129726,34298.0,105929,89.98302207130729,0.0,0.0,0.8787878787878788,67.65753957583333,46.62789509040049,0.2714444967767144,50.85949969229312,50.30768175888187,100.0,0.0,251.722936780162,-0.400169779286927
2024,33,4,San Cristóbal,Media,14.121732033096874,-44.40549436839297,15161.0,44842,15.677966101694915,73.72881355932203,0.0,0.8787878787878788,79.42100242605466,55.39373114139244,0.2714444967767144,50.85949969229312,50.30768175888187,100.0,0.0,106.55967611415217,-0.17330508474576273
2024,34,4,San Cristóbal,Baja,7.237475366954071,-53.98737162980484,26158.0,81433,69.07020872865274,20.683111954459203,0.0,0.9090909090909092,71.08358111157993,37.8206204445353,0.2714444967767144,50.85949969229312,50.30768175888187,100.0,0.0,193.5122007270807,-0.3073055028462998
2024,35,15,Antonio Nariño,Media,8.511974289699769,-40.30677476216185,8874.0,27377,15.66265060240964,75.90361445783132,0.0,0.9090909090909092,80.80694740507136,68.36074108410646,0.465646666219045,34.83537776548703,52.97075347343085,100.0,0.0,43.16970074959696,-0.17650602409638555
2024,36,18,Rafael Uribe Uribe,Media,0.20020119700425615,-47.606380656200926,17198.0,49343,3.076923076923077,85.0,0.0,0.8484848484848485,84.00644261206945,54.51982911123658,0.603579286535181,43.656858833750434,49.09565379736238,100.0,0.0,148.31075262776184,-0.1398076923076923
2024,37,14,Los Mártires,Media,6.570972857598681,-29.419014336935554,17582.0,44153,0.0,90.6060606060606,0.0,0.9090909090909092,67.48203891676579,53.216968121292105,0.1556112406337143,29.331591387661103,55.15082387145006,100.0,14.285714285714286,505.8915314273322,-0.13590909090909087
2024,38,15,Antonio Nariño,Media,-1.398664664249712,-35.10179454926789,19606.0,57602,0.0,87.75981524249423,0.23094688221709,0.5151515151515151,74.46747068845696,62.25739680349445,0.465646666219045,34.83537776548703,52.97075347343085,100.0,0.0,90.83029925040304,-0.13163972286374134
2024,39,18,Rafael Uribe Uribe,Media,-10.178365894136174,-41.02092357833947,32633.0,93787,0.0,87.06293706293707,0.0,0.6666666666666667,72.50458404325771,42.17813264396177,0.603579286535181,43.656858833750434,49.09565379736238,100.0,0.0,281.896531558679,-0.13059440559440558
2024,40,16,Puente Aranda,Media,-5.733967766414086,-23.062791843858236,37719.0,103841,0.0,88.19672131147541,0.0,0.8787878787878788,83.81312566881827,64.0199728644823,0.3174190663479431,51.47269259344049,42.63143945150932,100.0,0.0,343.2740375299379,-0.13229508196721312
2024,41,16,Puente Aranda,Media,-16.15475609603105,-28.96259066161855,20264.0,60300,0.0,85.625,0.0,0.9393939393939394,85.44065388850419,61.14426533938219,0.3174190663479431,51.47269259344049,42.63143945150932,100.0,0.0,199.3376841811544,-0.12843749999999998
2024,42,6,Tunjuelito,Baja,-25.752531440005793,-40.83125965745809,50973.0,142842,55.70247933884298,35.70247933884298,0.0,0.7878787878787878,76.40315995008112,60.79484066968382,0.2730772240795397,33.607446811745525,49.68061339894025,0.0,0.0,472.2894217635453,-0.27636363636363637
2024,43,16,Puente Aranda,Media,-9.42559724601529,-13.180212065021818,25273.0,74483,0.0,91.90600522193212,0.0,0.9090909090909092,84.12071653780167,72.79156957770807,0.3174190663479431,51.47269259344049,42.63143945150932,100.0,0.0,246.22336203756095,-0.13785900783289817
2024,44,8,Kennedy,Media,-22.06559593448726,-11.434926935681919,28574.0,78326,24.065420560747665,58.87850467289719,6.775700934579438,0.8787878787878788,78.68749834591497,61.623981682993154,0.3608040769172437,38.936357486044365,39.90001531319474,98.66666666666669,1.3333333333333333,359.1319194280148,-0.18457943925233644
2024,45,8,Kennedy,Media,-27.284861832006523,-23.12117529937842,30039.0,88878,29.79890310786105,62.888482632541134,0.0,0.5757575757575757,69.86479309668712,47.439756941254615,0.3608040769172437,38.936357486044365,39.90001531319474,98.66666666666669,1.3333333333333333,407.5138106749113,-0.21352833638025592
2024,46,8,Kennedy,Media,-28.343045607985307,3.0103494618895152,55638.0,141924,36.80430879712747,51.70556552962297,0.0,0.8484848484848485,81.098107499209,58.03904473245194,0.3608040769172437,38.936357486044365,39.90001531319474,98.66666666666669,1.3333333333333333,650.7346032339399,-0.22477558348294435
2024,47,8,Kennedy,Media,-38.248055784417474,-12.184513101243258,33159.0,92927,0.0,86.48111332007953,0.0,0.9393939393939394,66.24843580544717,52.77505280884959,0.3608040769172437,38.936357486044365,39.90001531319474,98.66666666666669,1.3333333333333333,426.07884836053336,-0.12972166998011928
2024,48,8,Kennedy,Media,-42.29413528361358,-21.895607463593283,47498.0,139367,32.60619977037887,55.91274397244547,0.0,0.6363636363636364,74.82087166621648,55.19740993648533,0.3608040769172437,38.936357486044365,39.90001531319474,98.66666666666669,1.3333333333333333,639.0105228777691,-0.2142939150401837
2024,49,7,Bosa,Baja,-44.730258201838005,-28.01301242834345,10893.0,35977,56.16438356164384,35.15981735159817,0.0,0.9393939393939394,76.16539097092507,55.13661598388408,0.3556506784206674,41.98795483602233,42.67739040119298,100.0,1.4705882352941178,116.94216616240084,-0.2773972602739726
2024,50,4,San Cristóbal,Baja,11.446031147864026,-67.54763211551122,28803.0,97310,89.1156462585034,0.0,0.0,0.5151515151515151,63.72089261344356,40.32089234732478,0.2714444967767144,50.85949969229312,50.30768175888187,100.0,0.0,231.24129348976732,-0.36802721088435375
2024,51,4,San Cristóbal,Baja,10.46051936704976,-77.99977289742324,24694.0,79519,91.11111111111111,0.0,0.0,0.8181818181818181,66.97255738040057,42.40208875052701,0.2714444967767144,50.85949969229312,50.30768175888187,100.0,0.0,188.96389288883782,-0.40634920634920646
2024,52,5,Usme,Baja,11.501373570494664,-97.04842127098003,6833.0,20486,95.78947368421052,0.0,0.0,1.0,55.95423569595468,33.43092149728123,0.5152892734203515,63.309847171059154,55.47471169257355,100.0,0.0,47.63644495843588,-0.6705263157894736
2024,53,18,Rafael Uribe Uribe,Baja,-8.21630166842059,-50.34597256453475,14645.0,47755,70.4954954954955,22.97297297297297,0.0,0.8787878787878788,45.64872408233867,32.17696350528153,0.603579286535181,43.656858833750434,49.09565379736238,100.0,0.0,143.53768501588405,-0.3164414414414415
2024,54,18,Rafael Uribe Uribe,Baja,-8.22443013946448,-59.48068618351516,36827.0,124210,91.0162002945508,1.6200294550810015,0.0,0.8181818181818181,75.84473293104492,51.4595775378879,0.603579286535181,43.656858833750434,49.09565379736238,100.0,0.0,373.33924941520166,-0.4106774668630339
2024,55,18,Rafael Uribe Uribe,Baja,-3.001064184620045,-69.1229684285509,24616.0,76493,93.91447368421052,0.0,0.0,0.7575757575757576,75.47347122689092,43.137651547299285,0.603579286535181,43.656858833750434,49.09565379736238,100.0,0.0,229.9157813824734,-0.4985197368421052
2024,56,5,Usme,Baja,-8.455586104625835,-75.89456532322569,20211.0,59783,95.27272727272728,0.0,0.0,1.0,47.458686928251126,27.31307766370284,0.5152892734203515,63.309847171059154,55.47471169257355,100.0,0.0,139.0144288270122,-0.5927272727272727
2024,57,5,Usme,Baja,-4.686912363774609,-90.27335007646587,43633.0,136504,90.82926829268294,0.0,0.0,0.8181818181818181,76.10336606240905,50.34189279865453,0.5152892734203515,63.309847171059154,55.47471169257355,100.0,0.0,317.4150777412053,-0.44087804878048786
2024,58,5,Usme,Baja,-9.617814255879106,-100.06684893226095,33192.0,102998,88.57808857808857,0.0,0.0,0.9090909090909092,62.046773748264606,40.86220728004851,0.5152892734203515,63.309847171059154,55.47471169257355,100.0,0.0,239.50300487303423,-0.5060606060606061
2024,59,5,Usme,Baja,1.481700157551871,-106.41919983196306,18253.0,54665,90.24896265560167,0.0,0.0,1.0,61.98964077990875,40.1041430090295,0.5152892734203515,63.309847171059154,55.47471169257355,100.0,0.0,127.1134561970564,-0.6311203319502074
2024,60,5,Usme,Baja,2.5562428536561006,-80.06569760132426,306.0,1197,76.92307692307692,0.0,0.0,1.0,47.458686928251126,27.31307766370284,0.5152892734203515,63.309847171059154,55.47471169257355,100.0,0.0,2.783404501378881,-0.5153846153846153
2024,61,5,Usme,Baja,-4.945789287804316,-116.99343949676569,11392.0,29043,58.3596214511041,0.0,0.0,0.9696969696969696,61.98964077990875,40.1041430090295,0.5152892734203515,63.309847171059154,55.47471169257355,100.0,0.0,67.53418290187706,-0.34700315457413244
2024,62,6,Tunjuelito,Baja,-18.065510935174146,-58.87941860922457,11985.0,41650,85.77405857740587,4.602510460251046,0.0,0.7878787878787878,50.542639718825214,30.68008554640913,0.2730772240795397,33.607446811745525,49.68061339894025,0.0,0.0,137.7105782364547,-0.3525104602510461
2024,63,19,Ciudad Bolívar,Baja,-18.793967090481893,-73.96063891450099,10.0,30,33.33333333333333,0.0,0.0,1.0,46.43424039362268,29.67827137432306,0.2942952836094109,48.92648021691982,53.34610774858197,100.0,1.9230769230769231,0.13438413370718164,-0.1333333333333333
2024,64,19,Ciudad Bolívar,Baja,-20.833746542610072,-102.36401419228564,2263.0,6681,86.51685393258427,0.0,0.0,1.0,46.43424039362268,29.67827137432306,0.2942952836094109,48.92648021691982,53.34610774858197,100.0,1.9230769230769231,29.92734657658935,-0.6022471910112358
2024,65,19,Ciudad Bolívar,Baja,-35.64356330625946,-40.64571880107978,32520.0,85544,61.3013698630137,30.136986301369863,0.0,0.5151515151515151,81.29706931525732,58.01416649883968,0.2942952836094109,48.92648021691982,53.34610774858197,100.0,1.9230769230769231,383.1918777949048,-0.2904109589041096
2024,66,19,Ciudad Bolívar,Baja,-31.80127197707072,-54.66986448683388,24608.0,72508,92.79835390946502,0.0,0.0,0.7575757575757576,65.40070295580384,35.61601947628947,0.2942952836094109,48.92648021691982,53.34610774858197,100.0,1.9230769230769231,324.79749222801087,-0.42427983539094655
2024,67,19,Ciudad Bolívar,Baja,-33.245768368044715,-65.19591360602527,57108.0,164583,94.16562107904642,0.0,0.0,0.696969696969697,50.70915088991646,30.514931570166198,0.2942952836094109,48.92648021691982,53.34610774858197,100.0,1.9230769230769231,737.2447959309692,-0.6149309912170638
2024,68,19,Ciudad Bolívar,Baja,-27.546100032588,-73.62061759502083,19138.0,54889,93.09734513274336,0.0,0.0,0.9090909090909092,46.43424039362268,29.67827137432306,0.2942952836094109,48.92648021691982,53.34610774858197,100.0,1.9230769230769231,245.8736905017831,-0.6368141592920354
2024,69,19,Ciudad Bolívar,Baja,-49.06636950554404,-39.05236598133497,56689.0,167750,78.00859598853867,0.8595988538681949,0.0,0.9393939393939394,64.6752521165627,54.88213851165708,0.2942952836094109,48.92648021691982,53.34610774858197,100.0,1.9230769230769231,751.431280979324,-0.4835243553008596
2024,70,19,Ciudad Bolívar,Baja,-44.886535573196596,-53.554827333172625,30609.0,103896,87.97687861271677,0.0,0.0,0.8181818181818181,71.46859080726537,49.67462509485674,0.2942952836094109,48.92648021691982,53.34610774858197,100.0,1.9230769230769231,465.39913185471147,-0.6002312138728323
2024,71,11,Suba,Baja,-7.2114755686706244,79.36322845145517,109291.0,310733,84.50046685340803,4.3884220354808585,0.0,0.4242424242424242,75.31680536979212,54.44559434047566,0.3749554377749831,39.01482696369601,33.58415683278398,100.0,0.0,556.1370994908774,-0.3445845004668534
2024,72,10,Engativá,Media,-8.334441597042606,64.03490000927587,32694.0,84006,0.0,75.97402597402598,0.0,0.8787878787878788,70.29060580201613,55.81891871788736,0.2338602758501648,37.98822337252181,37.7285295134672,100.0,0.0,135.0138716515283,-0.11396103896103897
2024,73,10,Engativá,Media,-14.619765799082039,55.847881298624756,62846.0,169428,24.776785714285715,64.84375,1.5625,0.2,76.1985193283638,57.53739808949218,0.2338602758501648,37.98822337252181,37.7285295134672,100.0,0.0,272.3035288690705,-0.19637276785714286
2024,74,10,Engativá,Baja,-26.0698196884656,55.74719846122355,50931.0,143270,90.8062234794908,0.1414427157001414,0.0,0.2,69.9181790910935,47.69917350844221,0.2338602758501648,37.98822337252181,37.7285295134672,100.0,0.0,230.26256923927411,-0.36343705799151343
2024,75,9,Fontibón,Media,-29.087070742236296,28.542860929698993,44964.0,140227,4.444444444444445,88.88888888888889,0.1587301587301587,0.6666666666666667,68.81701547138886,52.179635506388976,0.3361631027578329,30.352187341783043,29.61704982593028,94.11764705882352,0.0,378.9501071896706,-0.1511111111111111
2024,76,9,Fontibón,Baja,-41.4147072770074,41.66439567193389,11721.0,35371,61.92307692307693,25.384615384615383,0.0,0.8484848484848485,63.37252624275612,46.515358698987896,0.3361631027578329,30.352187341783043,29.61704982593028,94.11764705882352,0.0,95.58675748183902,-0.2857692307692308
2024,77,9,Fontibón,Baja,-41.951432050513105,27.879386292616836,22996.0,66315,69.04761904761905,3.571428571428571,0.0,0.8787878787878788,82.01168985510337,69.80228725936432,0.3361631027578329,30.352187341783043,29.61704982593028,94.11764705882352,0.0,179.20996925187737,-0.28154761904761905
2024,78,8,Kennedy,Baja,-35.911811283836144,13.977987540501635,12789.0,30778,57.142857142857146,8.16326530612245,0.0,1.0,73.13184284306593,54.772991493014814,0.3608040769172437,38.936357486044365,39.90001531319474,98.66666666666669,1.3333333333333333,141.11996292617317,-0.29591836734693877
2024,79,8,Kennedy,Baja,-42.53329658964881,7.702045500242773,53597.0,135976,83.06451612903226,3.225806451612903,0.0,0.8181818181818181,72.82112966077318,61.63669483547722,0.3608040769172437,38.936357486044365,39.90001531319474,98.66666666666669,1.3333333333333333,623.4624757570123,-0.3370967741935484
2024,80,8,Kennedy,Baja,-42.273955229782345,-5.977751231059277,18351.0,56072,91.84782608695652,0.5434782608695652,0.0,0.7575757575757576,55.74611171705038,40.10378762635176,0.3608040769172437,38.936357486044365,39.90001531319474,98.66666666666669,1.3333333333333333,257.09528108377356,-0.36820652173913043
2024,81,8,Kennedy,Baja,-52.04975412330823,-13.581667111782979,20192.0,62111,91.12271540469972,0.2610966057441253,0.0,0.8181818181818181,66.20852647951097,44.402578420459264,0.3608040769172437,38.936357486044365,39.90001531319474,98.66666666666669,1.3333333333333333,284.7846519366932,-0.3648825065274151
2024,82,8,Kennedy,Baja,-48.62602468570228,1.843592198038629,44892.0,137724,90.084388185654,0.0,0.0,0.6363636363636364,65.53993024918347,49.047188232984766,0.3608040769172437,38.936357486044365,39.90001531319474,98.66666666666669,1.3333333333333333,631.4772166496938,-0.37774261603375525
2024,83,8,Kennedy,Baja,-54.5483415668318,-0.8831666093172195,11762.0,32390,84.61538461538461,0.0,0.0,0.9393939393939394,63.63195140312623,45.60996053240007,0.3608040769172437,38.936357486044365,39.90001531319474,98.66666666666669,1.3333333333333333,148.5111313008886,-0.3384615384615385
2024,84,7,Bosa,Baja,-63.062688815856816,-10.657978569459326,62260.0,199853,96.58119658119658,0.0,0.0,0.5454545454545454,77.96385990316645,56.13099776495108,0.3556506784206674,41.98795483602233,42.67739040119298,100.0,1.4705882352941178,649.616219641835,-0.3973504273504274
2024,85,7,Bosa,Baja,-66.41700350970574,-22.459420672368722,74056.0,237736,90.7563025210084,0.0,0.0,0.303030303030303,70.16877120458035,45.45469240950858,0.3556506784206674,41.98795483602233,42.67739040119298,100.0,1.4705882352941178,772.7537819936217,-0.36325439266615744
2024,86,7,Bosa,Baja,-64.71956170943255,2.4343749556302403,49366.0,145011,94.8955916473318,0.0,0.0,0.6060606060606061,73.14536755747912,51.86268066207548,0.3556506784206674,41.98795483602233,42.67739040119298,100.0,1.4705882352941178,471.3539332733666,-0.5549883990719258
2024,87,7,Bosa,Baja,-78.16626907582783,-6.495877410013539,47666.0,115163,87.22222222222221,0.0,0.0,0.8181818181818181,73.71252068983654,50.32253612993178,0.3556506784206674,41.98795483602233,42.67739040119298,100.0,1.4705882352941178,374.33389892877585,-0.4288888888888889
2024,88,2,Chapinero,Alta,42.86125281112812,20.414750484228133,17474.0,42102,0.0,0.0,90.04739336492891,1.0,85.8142985449947,65.45782951001642,0.5941833795463254,10.359824379573334,24.95064368350129,100.0,0.0,68.39649894459978,0.5350710900473933
2024,89,2,Chapinero,Baja,62.98261504716317,21.697107852412543,6039.0,18132,95.1923076923077,0.0,1.9230769230769231,1.0,59.68617809230392,42.4947150948463,0.5941833795463254,10.359824379573334,24.95064368350129,100.0,0.0,29.456209179219115,-0.37115384615384617
2024,90,2,Chapinero,Alta,35.53628695310171,1.914128000999335,24065.0,54745,44.63087248322148,0.3355704697986577,44.29530201342281,0.9090909090909092,81.69129402997835,62.793365172161785,0.5941833795463254,10.359824379573334,24.95064368350129,100.0,0.0,88.93559295810448,-0.21795302013422818
2024,91,3,Santa Fe,Media,28.603542569557515,-13.614949310593461,6848.0,11361,0.0,50.0,24.285714285714285,0.9090909090909092,74.8513423318018,59.8240262549234,0.5498071820283936,34.4730057640131,48.787305442163415,100.0,0.0,147.35477557289082,-0.075
2024,92,3,Santa Fe,Baja,29.576666137665356,-20.499029141250844,5779.0,12253,53.84615384615384,15.384615384615383,17.094017094017094,0.9696969696969696,69.59290911730199,57.43541525110545,0.5498071820283936,34.4730057640131,48.787305442163415,100.0,0.0,158.92422014740174,-0.2717948717948718
2024,93,3,Santa Fe,Media,22.523177675371212,-24.57460689265902,9861.0,17265,6.015037593984962,69.92481203007519,0.0,0.7878787878787878,74.8513423318018,59.8240262549234,0.5498071820283936,34.4730057640131,48.787305442163415,100.0,0.0,223.93100961763577,-0.12894736842105264
2024,94,17,La Candelaria,Baja,24.071217872048727,-30.747808060108994,8666.0,18675,42.62295081967213,26.229508196721312,0.0,0.9090909090909092,74.016551465833,54.830721201436575,0.6712410704745336,35.31957637115097,40.3460655332117,0.0,0.0,95.0,-0.21475409836065576
2024,95,3,Santa Fe,Baja,16.6040490375661,-35.37065114263601,9301.0,20788,91.66666666666666,0.0,0.0,0.7878787878787878,43.99256712900596,32.24875405124618,0.5498071820283936,34.4730057640131,48.787305442163415,100.0,0.0,269.62512759521644,-0.36666666666666664
2024,96,3,Santa Fe,Baja,24.944099532943994,-39.01794449687237,14201.0,45116,95.58823529411764,0.0,0.0,0.9393939393939394,61.77935560197444,48.332706133352325,0.5498071820283936,34.4730057640131,48.787305442163415,100.0,0.0,585.1648670668552,-0.41676470588235304
2024,97,2,Chapinero,Alta,37.27444853794916,24.467198521036966,18413.0,39143,0.0,1.2232415902140672,85.3211009174312,0.9393939393939394,85.8142985449947,65.45782951001642,0.5941833795463254,10.359824379573334,24.95064368350129,100.0,0.0,63.589476941439095,0.4073394495412844
2024,98,12,Barrios Unidos,Media,26.944165305610902,17.784912981463908,16383.0,45444,0.0,79.25233644859813,10.093457943925234,0.3333333333333333,71.92251681333613,50.77884863535045,0.4979879700171731,42.15791796788533,34.428262295593406,100.0,0.0,202.98405303709015,-0.11887850467289718
2024,99,2,Chapinero,Alta,30.16765997600664,0.13382274756130452,14458.0,26852,0.0,36.95652173913043,45.65217391304348,0.8787878787878788,81.69129402997835,62.793365172161785,0.5941833795463254,10.359824379573334,24.95064368350129,100.0,0.0,43.62222197663753,-0.055434782608695644
2024,100,13,Teusaquillo,Alta,23.565363950779815,3.8557134209371484,17990.0,38135,0.0,33.6996336996337,59.70695970695971,0.7272727272727273,79.98969638572802,64.94652997664521,0.6633339207279338,15.44212714962264,22.41497962005453,100.0,0.0,37.34250897617234,-0.05054945054945055
2024,101,13,Teusaquillo,Alta,22.69998067194829,-7.632317244604541,14267.0,28652,0.0,7.38255033557047,82.21476510067114,0.9696969696969696,84.24968726091629,64.10307294501042,0.6633339207279338,15.44212714962264,22.41497962005453,100.0,0.0,28.056577086280058,-0.011073825503355705
2024,102,14,Los Mártires,Media,14.884438746411664,-20.102544127407793,16398.0,38848,13.65979381443299,70.10309278350515,0.7731958762886598,0.4848484848484848,55.39672283455738,40.55286180531498,0.1556112406337143,29.331591387661103,55.15082387145006,100.0,14.285714285714286,445.1084685726678,-0.15979381443298968
2024,103,12,Barrios Unidos,Media,14.21229559638227,16.803261797216255,514.0,1465,0.0,76.47058823529412,0.0,0.9393939393939394,78.98008387147235,61.57161312967068,0.4979879700171731,42.15791796788533,34.428262295593406,100.0,0.0,6.543694166432027,-0.11470588235294116
2024,104,13,Teusaquillo,Alta,9.82270173284458,6.953264778428711,1107.0,3300,0.0,0.0,60.86956521739131,1.0,88.4492919452778,73.73536807238531,0.6633339207279338,15.44212714962264,22.41497962005453,100.0,0.0,3.231422043303231,0.0
2024,105,10,Engativá,Baja,2.0353328681845837,18.155899234754035,1348.0,2938,7.6923076923076925,23.07692307692308,0.0,1.0,82.68390449134027,65.99553017507957,0.2338602758501648,37.98822337252181,37.7285295134672,100.0,0.0,4.721933610839585,-0.06538461538461539
2024,106,13,Teusaquillo,Alta,13.492371721177673,7.351330899985041,15764.0,40905,0.0,0.0,88.95705521472392,1.0,88.4492919452778,73.73536807238531,0.6633339207279338,15.44212714962264,22.41497962005453,100.0,0.0,40.05494505494506,0.12883435582822084
2024,107,13,Teusaquillo,Alta,11.148032267134015,-5.594343444189677,12392.0,28717,0.0,10.967741935483872,80.0,0.8787878787878788,88.53145193641939,76.8057548108156,0.6633339207279338,15.44212714962264,22.41497962005453,100.0,0.0,28.12022630834512,-0.016451612903225808
2024,108,16,Puente Aranda,Baja,5.491006201516527,-14.2934802873161,2551.0,6728,2.2522522522522523,30.180180180180184,0.0,0.7878787878787878,63.120551115597415,50.9074404427709,0.3174190663479431,51.47269259344049,42.63143945150932,100.0,0.0,22.241193021074743,-0.05427927927927928
2024,109,13,Teusaquillo,Baja,2.0845174155648176,3.6488699560317523,10374.0,25729,0.0,1.36986301369863,49.31506849315068,1.0,88.85942176915795,70.82791146252507,0.6633339207279338,15.44212714962264,22.41497962005453,100.0,0.0,25.194320530954194,0.03904109589041096
2024,110,9,Fontibón,Alta,-5.239110764421833,12.599619088706095,19284.0,47016,0.0,5.681818181818182,63.63636363636363,1.0,81.31390114744809,70.45870228409093,0.3361631027578329,30.352187341783043,29.61704982593028,94.11764705882352,0.0,127.0562604892749,0.059659090909090905
2024,111,16,Puente Aranda,Media,-3.0494527191645466,-3.5457477288910497,2389.0,12682,0.8264462809917356,55.371900826446286,0.8264462809917356,0.8484848484848485,63.120551115597415,50.9074404427709,0.3174190663479431,51.47269259344049,42.63143945150932,100.0,0.0,41.92372323027198,-0.08636363636363636
2024,112,9,Fontibón,Baja,-15.87109482585142,11.024278620455103,22528.0,54234,9.826589595375722,4.046242774566474,23.69942196531792,0.9090909090909092,81.20952913275184,58.89130678795048,0.3361631027578329,30.352187341783043,29.61704982593028,94.11764705882352,0.0,146.56221778491013,-0.041329479768786134
2024,113,8,Kennedy,Media,-17.795965597751394,-1.1224568653696527,17891.0,41456,0.0,70.16129032258065,8.870967741935484,1.0,81.098107499209,58.03904473245194,0.3608040769172437,38.936357486044365,39.90001531319474,98.66666666666669,1.3333333333333333,190.07957577059702,-0.10524193548387097
2024,114,9,Fontibón,Alta,-13.169334799166148,20.769702004802724,16268.0,45477,0.0,14.285714285714285,73.17073170731707,0.8484848484848485,85.32015350826416,68.0430975601345,0.3361631027578329,30.352187341783043,29.61704982593028,94.11764705882352,0.0,122.8972596195073,-0.021428571428571425
2024,115,9,Fontibón,Media,-16.678705232222566,30.149046509278318,6616.0,18615,0.0,53.333333333333336,8.333333333333332,0.8181818181818181,88.05021915741271,68.37331516239573,0.3361631027578329,30.352187341783043,29.61704982593028,94.11764705882352,0.0,50.30526393159462,-0.08
2024,116,10,Engativá,Media,-9.33726500048923,34.84343875316049,4752.0,12095,4.819277108433735,53.01204819277109,2.409638554216868,0.8181818181818181,83.87653084361145,62.06944431398723,0.2338602758501648,37.98822337252181,37.7285295134672,100.0,0.0,19.4390017097021,-0.08674698795180723
2024,117,9,Fontibón,Baja,-27.94548926486944,44.688284370763384,335.0,900,0.0,27.27272727272727,0.0,1.0,88.05021915741271,68.37331516239573,0.3361631027578329,30.352187341783043,29.61704982593028,94.11764705882352,0.0,2.4321642513260895,-0.0409090909090909
